Date,Depth_to_Groundwater_P24
2009-01-01,-31.96
2009-01-02,-32.03
2009-01-03,-31.97
2009-01-04,-31.91
2009-01-05,-31.94
2009-01-06,-31.89
2009-01-07,-31.91
2009-01-08,-31.83
2009-01-09,-31.8
2009-01-10,-31.76
2009-01-11,-31.7
2009-01-12,-31.57
2009-01-13,-31.54
2009-01-14,-31.44
2009-01-15,-31.26
2009-01-16,-31.5
2009-01-17,-31.61
2009-01-18,-31.15
2009-01-19,-30.95
2009-01-20,-30.93
2009-01-21,-30.89
2009-01-22,-30.81
2009-01-23,-30.75
2009-01-24,-30.71
2009-01-25,-30.72
2009-01-26,-30.51
2009-01-27,-30.57
2009-01-28,-30.52
2009-01-29,-30.52
2009-01-30,-30.49
2009-01-31,-30.49
2009-02-01,-30.29
2009-02-02,-30.32
2009-02-03,-30.4
2009-02-04,-30.21
2009-02-05,-30.28
2009-02-06,-30.15
2009-02-07,-30.11
2009-02-08,-30.01
2009-02-09,-30.05
2009-02-10,-30.02
2009-02-11,-30.1
2009-02-12,-29.97
2009-02-13,-30.05
2009-02-14,-30.02
2009-02-15,-29.97
2009-02-16,-29.94
2009-02-17,-29.77
2009-02-18,-29.79
2009-02-19,-29.75
2009-02-20,-29.77
2009-02-21,-29.79
2009-02-22,-29.64
2009-02-23,-29.58
2009-02-24,-29.56
2009-02-25,-29.56
2009-02-26,-29.52
2009-02-27,-29.53
2009-02-28,-29.56
2009-03-01,-29.42
2009-03-02,-29.42
2009-03-03,-29.42
2009-03-04,-29.21
2009-03-05,-29.22
2009-03-06,-29.26
2009-03-07,-29.36
2009-03-08,-29.3
2009-03-09,-29.22
2009-03-10,-29.24
2009-03-11,-29.22
2009-03-12,-29.28
2009-03-13,-29.23
2009-03-14,-29.2
2009-03-15,-29.07
2009-03-16,-29.16
2009-03-17,-29.15
2009-03-18,-29.12
2009-03-19,-28.98
2009-03-20,-28.95
2009-03-21,-28.89
2009-03-22,-28.85
2009-03-23,-28.8
2009-03-24,-28.69
2009-03-25,-28.75
2009-03-26,-28.77
2009-03-27,-28.75
2009-03-28,-28.7
2009-03-29,-28.5
2009-03-30,-28.58
2009-03-31,-28.58
2009-04-01,-28.52
2009-04-02,-28.61
2009-04-03,-28.6
2009-04-04,-28.59
2009-04-05,-28.52
2009-04-06,-28.47
2009-04-07,-28.43
2009-04-08,-28.47
2009-04-09,-28.46
2009-04-10,-28.41
2009-04-11,-28.33
2009-04-12,-28.26
2009-04-13,-27.89
2009-04-14,-28.08
2009-04-15,-28.29
2009-04-16,-28.26
2009-04-17,-28.21
2009-04-18,-28.27
2009-04-19,-28.08
2009-04-20,-28.06
2009-04-21,-28.07
2009-04-22,-28.03
2009-04-23,-28.1
2009-04-24,-28.12
2009-04-25,-28.1
2009-04-26,-28.02
2009-04-27,-27.91
2009-04-28,-27.91
2009-04-29,-27.94
2009-04-30,-27.86
2009-05-01,-27.89
2009-05-02,-27.93
2009-05-03,-27.82
2009-05-04,-27.85
2009-05-05,-27.88
2009-05-06,-27.92
2009-05-07,-27.98
2009-05-08,-27.94
2009-05-09,-28.01
2009-05-10,-27.98
2009-05-11,-27.95
2009-05-12,-28.03
2009-05-13,-28.05
2009-05-14,-28.02
2009-05-15,-27.98
2009-05-16,-27.99
2009-05-17,-28.01
2009-05-18,-28.07
2009-05-19,-28.12
2009-05-20,-28.16
2009-05-21,-28.2
2009-05-22,-28.19
2009-05-23,-28.26
2009-05-24,-28.21
2009-05-25,-28.25
2009-05-26,-28.28
2009-05-27,-28.35
2009-05-28,-28.03
2009-05-29,-28.12
2009-05-30,-28.01
2009-05-31,-27.94
2009-06-01,-27.71
2009-06-02,-27.95
2009-06-03,-27.99
2009-06-04,-28.0
2009-06-05,-28.04
2009-06-06,-27.97
2009-06-07,-27.89
2009-06-08,-27.95
2009-06-09,-28.09
2009-06-10,-28.13
2009-06-11,-28.19
2009-06-12,-28.24
2009-06-13,-28.33
2009-06-14,-28.39
2009-06-15,-28.38
2009-06-16,-28.45
2009-06-17,-28.47
2009-06-18,-28.43
2009-06-19,-28.42
2009-06-20,-28.42
2009-06-21,-28.04
2009-06-22,-28.29
2009-06-23,-28.3
2009-06-24,-28.25
2009-06-25,-28.36
2009-06-26,-28.37
2009-06-27,-28.09
2009-06-28,-27.75
2009-06-29,-28.01
2009-06-30,-28.12
2009-07-01,-28.21
2009-07-02,-28.18
2009-07-03,-27.96
2009-07-04,-27.99
2009-07-05,-27.82
2009-07-06,-27.69
2009-07-07,-28.0
2009-07-08,-28.08
2009-07-09,-27.81
2009-07-10,-28.06
2009-07-11,-28.11
2009-07-12,-28.11
2009-07-13,-28.19
2009-07-14,-28.37
2009-07-15,-28.44
2009-07-16,-28.51
2009-07-17,-28.54
2009-07-18,-28.44
2009-07-19,-28.22
2009-07-20,-28.32
2009-07-21,-28.56
2009-07-22,-28.57
2009-07-23,-28.72
2009-07-24,-28.84
2009-07-25,-28.92
2009-07-26,-28.76
2009-07-27,-28.77
2009-07-28,-28.9
2009-07-29,-29.01
2009-07-30,-28.97
2009-07-31,-29.07
2009-08-01,-29.12
2009-08-02,-29.01
2009-08-03,-28.88
2009-08-04,-28.3
2009-08-05,-28.54
2009-08-06,-28.6
2009-08-07,-28.66
2009-08-08,-28.71
2009-08-09,-28.48
2009-08-10,-28.39
2009-08-11,-28.31
2009-08-12,-28.4
2009-08-13,-28.6
2009-08-14,-28.63
2009-08-15,-28.47
2009-08-16,-28.51
2009-08-17,-28.64
2009-08-18,-28.77
2009-08-19,-28.88
2009-08-20,-29.04
2009-08-21,-29.15
2009-08-22,-29.19
2009-08-23,-29.26
2009-08-24,-29.29
2009-08-25,-29.19
2009-08-26,-29.19
2009-08-27,-29.17
2009-08-28,-29.08
2009-08-29,-29.02
2009-08-30,-28.88
2009-08-31,-29.04
2009-09-01,-29.18
2009-09-02,-29.2
2009-09-03,-29.15
2009-09-04,-29.17
2009-09-05,-29.18
2009-09-06,-29.11
2009-09-07,-29.05
2009-09-08,-29.2
2009-09-09,-29.19
2009-09-10,-29.22
2009-09-11,-29.19
2009-09-12,-29.2
2009-09-13,-29.0
2009-09-14,-29.13
2009-09-15,-29.07
2009-09-16,-28.86
2009-09-17,-28.81
2009-09-18,-28.83
2009-09-19,-29.02
2009-09-20,-28.98
2009-09-21,-28.73
2009-09-22,-28.9
2009-09-23,-28.97
2009-09-24,-28.99
2009-09-25,-29.27
2009-09-26,-29.34
2009-09-27,-29.3
2009-09-28,-29.32
2009-09-29,-29.34
2009-09-30,-29.36
2009-10-01,-29.33
2009-10-02,-29.35
2009-10-03,-29.44
2009-10-04,-29.37
2009-10-05,-29.24
2009-10-06,-29.46
2009-10-07,-29.48
2009-10-08,-29.51
2009-10-09,-29.52
2009-10-10,-29.43
2009-10-11,-29.28
2009-10-12,-29.31
2009-10-13,-29.32
2009-10-14,-29.28
2009-10-15,-29.31
2009-10-16,-29.4
2009-10-17,-29.42
2009-10-18,-29.38
2009-10-19,-29.37
2009-10-20,-29.46
2009-10-21,-29.37
2009-10-22,-29.24
2009-10-23,-29.36
2009-10-24,-29.56
2009-10-25,-29.7
2009-10-26,-29.61
2009-10-27,-29.69
2009-10-28,-29.68
2009-10-29,-29.72
2009-10-30,-29.76
2009-10-31,-29.79
2009-11-01,-29.66
2009-11-02,-29.6
2009-11-03,-29.59
2009-11-04,-29.68
2009-11-05,-29.76
2009-11-06,-29.69
2009-11-07,-29.75
2009-11-08,-29.7
2009-11-09,-29.61
2009-11-10,-29.62
2009-11-11,-29.71
2009-11-12,-29.74
2009-11-13,-29.67
2009-11-14,-29.65
2009-11-15,-29.57
2009-11-16,-29.59
2009-11-17,-29.61
2009-11-18,-29.7
2009-11-19,-29.73
2009-11-20,-29.83
2009-11-21,-29.84
2009-11-22,-29.81
2009-11-23,-29.88
2009-11-24,-29.9
2009-11-25,-29.87
2009-11-26,-29.85
2009-11-27,-29.84
2009-11-28,-29.87
2009-11-29,-29.84
2009-11-30,-29.83
2009-12-01,-29.9
2009-12-02,-29.95
2009-12-03,-29.97
2009-12-04,-29.84
2009-12-05,-29.93
2009-12-06,-29.93
2009-12-07,-29.88
2009-12-08,-29.78
2009-12-09,-29.88
2009-12-10,-29.95
2009-12-11,-30.05
2009-12-12,-30.03
2009-12-13,-30.09
2009-12-14,-30.01
2009-12-15,-29.98
2009-12-16,-29.91
2009-12-17,-29.91
2009-12-18,-29.99
2009-12-19,-29.98
2009-12-20,-30.08
2009-12-21,-30.13
2009-12-22,-30.1
2009-12-23,-30.21
2009-12-24,-30.15
2009-12-25,-29.72
2009-12-26,-29.83
2009-12-27,-29.84
2009-12-28,-29.88
2009-12-29,-29.76
2009-12-30,-29.7
2009-12-31,-29.82
2010-01-01,-29.78
2010-01-02,-29.84
2010-01-03,-29.94
2010-01-04,-29.77
2010-01-05,-29.58
2010-01-06,-29.68
2010-01-07,-29.64
2010-01-08,-29.59
2010-01-09,-29.66
2010-01-10,-29.69
2010-01-11,-29.62
2010-01-12,-29.65
2010-01-13,-29.56
2010-01-14,-29.53
2010-01-15,-29.54
2010-01-16,-29.55
2010-01-17,-29.51
2010-01-18,-29.4
2010-01-19,-29.37
2010-01-20,-29.39
2010-01-21,-29.44
2010-01-22,-29.47
2010-01-23,-29.46
2010-01-24,-29.37
2010-01-25,-29.34
2010-01-26,-29.22
2010-01-27,-29.21
2010-01-28,-28.96
2010-01-29,-29.09
2010-01-30,-29.09
2010-01-31,-29.13
2010-02-01,-29.19
2010-02-02,-29.14
2010-02-03,-29.14
2010-02-04,-29.1
2010-02-05,-28.97
2010-02-06,-29.01
2010-02-07,-28.66
2010-02-08,-28.99
2010-02-09,-28.95
2010-02-10,-28.84
2010-02-11,-28.87
2010-02-12,-28.89
2010-02-13,-29.04
2010-02-14,-28.88
2010-02-15,-28.83
2010-02-16,-28.76
2010-02-17,-28.74
2010-02-18,-28.65
2010-02-19,-28.7
2010-02-20,-28.68
2010-02-21,-28.67
2010-02-22,-28.61
2010-02-23,-28.52
2010-02-24,-28.59
2010-02-25,-28.39
2010-02-26,-28.39
2010-02-27,-28.49
2010-02-28,-28.2
2010-03-01,-28.16
2010-03-02,-28.39
2010-03-03,-28.25
2010-03-04,-28.24
2010-03-05,-28.27
2010-03-06,-28.31
2010-03-07,-28.19
2010-03-08,-28.11
2010-03-09,-27.96
2010-03-10,-28.08
2010-03-11,-28.06
2010-03-12,-27.95
2010-03-13,-28.0
2010-03-14,-27.95
2010-03-15,-27.88
2010-03-16,-27.92
2010-03-17,-27.88
2010-03-18,-27.85
2010-03-19,-27.8
2010-03-20,-27.74
2010-03-21,-27.46
2010-03-22,-27.62
2010-03-23,-27.61
2010-03-24,-27.59
2010-03-25,-27.45
2010-03-26,-27.35
2010-03-27,-27.31
2010-03-28,-26.98
2010-03-29,-27.12
2010-03-30,-27.07
2010-03-31,-27.14
2010-04-01,-27.12
2010-04-02,-27.07
2010-04-03,-27.08
2010-04-04,-26.91
2010-04-05,-26.78
2010-04-06,-26.63
2010-04-07,-26.87
2010-04-08,-26.71
2010-04-09,-26.86
2010-04-10,-26.88
2010-04-11,-26.72
2010-04-12,-26.79
2010-04-13,-26.68
2010-04-14,-26.57
2010-04-15,-26.79
2010-04-16,-26.81
2010-04-17,-26.77
2010-04-18,-26.66
2010-04-19,-26.7
2010-04-20,-26.52
2010-04-21,-26.63
2010-04-22,-26.55
2010-04-23,-26.61
2010-04-24,-26.47
2010-04-25,-26.36
2010-04-26,-26.52
2010-04-27,-26.58
2010-04-28,-26.5
2010-04-29,-26.55
2010-04-30,-26.53
2010-05-01,-26.53
2010-05-02,-26.05
2010-05-03,-26.03
2010-05-04,-26.03
2010-05-05,-26.31
2010-05-06,-26.29
2010-05-07,-26.31
2010-05-08,-26.32
2010-05-09,-26.01
2010-05-10,-26.07
2010-05-11,-25.96
2010-05-12,-26.15
2010-05-13,-26.08
2010-05-14,-26.04
2010-05-15,-25.94
2010-05-16,-25.88
2010-05-17,-25.86
2010-05-18,-26.03
2010-05-19,-25.94
2010-05-20,-26.07
2010-05-21,-26.07
2010-05-22,-26.08
2010-05-23,-26.01
2010-05-24,-25.91
2010-05-25,-26.02
2010-05-26,-26.05
2010-05-27,-26.03
2010-05-28,-26.0
2010-05-29,-26.04
2010-05-30,-25.97
2010-05-31,-25.78
2010-06-01,-25.92
2010-06-02,-25.76
2010-06-03,-25.47
2010-06-04,-25.62
2010-06-05,-25.9
2010-06-06,-25.89
2010-06-07,-25.93
2010-06-08,-25.98
2010-06-09,-26.09
2010-06-10,-26.04
2010-06-11,-26.13
2010-06-12,-26.17
2010-06-13,-25.82
2010-06-14,-26.0
2010-06-15,-26.1
2010-06-16,-25.91
2010-06-17,-26.09
2010-06-18,-26.2
2010-06-19,-25.99
2010-06-20,-25.44
2010-06-21,-25.28
2010-06-22,-25.64
2010-06-23,-25.7
2010-06-24,-25.8
2010-06-25,-25.99
2010-06-26,-25.96
2010-06-27,-25.29
2010-06-28,-25.75
2010-06-29,-25.98
2010-06-30,-26.11
2010-07-01,-26.25
2010-07-02,-26.25
2010-07-03,-26.37
2010-07-04,-26.28
2010-07-05,-26.37
2010-07-06,-26.39
2010-07-07,-26.47
2010-07-08,-26.6
2010-07-09,-26.68
2010-07-10,-26.76
2010-07-11,-26.35
2010-07-12,-26.62
2010-07-13,-26.77
2010-07-14,-26.82
2010-07-15,-26.96
2010-07-16,-27.03
2010-07-17,-27.09
2010-07-18,-26.79
2010-07-19,-26.72
2010-07-20,-27.08
2010-07-21,-27.34
2010-07-22,-27.29
2010-07-23,-27.35
2010-07-24,-27.43
2010-07-25,-26.92
2010-07-26,-27.06
2010-07-27,-26.99
2010-07-28,-27.12
2010-07-29,-26.95
2010-07-30,-26.89
2010-07-31,-26.94
2010-08-01,-26.59
2010-08-02,-26.93
2010-08-03,-27.21
2010-08-04,-27.11
2010-08-05,-27.3
2010-08-06,-27.07
2010-08-07,-27.03
2010-08-08,-26.88
2010-08-09,-27.2
2010-08-10,-27.42
2010-08-11,-27.29
2010-08-12,-27.36
2010-08-13,-27.3
2010-08-14,-26.8
2010-08-15,-26.79
2010-08-16,-26.92
2010-08-17,-27.1
2010-08-18,-27.13
2010-08-19,-27.16
2010-08-20,-27.23
2010-08-21,-27.22
2010-08-22,-27.17
2010-08-23,-27.16
2010-08-24,-27.27
2010-08-25,-27.28
2010-08-26,-27.17
2010-08-27,-27.24
2010-08-28,-27.26
2010-08-29,-27.03
2010-08-30,-26.99
2010-08-31,-26.85
2010-09-01,-27.14
2010-09-02,-27.23
2010-09-03,-27.34
2010-09-04,-27.37
2010-09-05,-27.14
2010-09-06,-27.11
2010-09-07,-27.25
2010-09-08,-27.21
2010-09-09,-27.19
2010-09-10,-27.23
2010-09-11,-27.26
2010-09-12,-27.27
2010-09-13,-27.15
2010-09-14,-27.01
2010-09-15,-27.05
2010-09-16,-27.1
2010-09-17,-27.21
2010-09-18,-27.21
2010-09-19,-27.0
2010-09-20,-26.96
2010-09-21,-27.03
2010-09-22,-26.99
2010-09-23,-27.05
2010-09-24,-27.0
2010-09-25,-26.94
2010-09-26,-26.86
2010-09-27,-27.06
2010-09-28,-27.24
2010-09-29,-27.19
2010-09-30,-27.13
2010-10-01,-27.09
2010-10-02,-27.13
2010-10-03,-27.13
2010-10-04,-27.13
2010-10-05,-27.08
2010-10-06,-27.04
2010-10-07,-27.1
2010-10-08,-27.11
2010-10-09,-27.13
2010-10-10,-27.04
2010-10-11,-27.05
2010-10-12,-27.04
2010-10-13,-26.96
2010-10-14,-27.03
2010-10-15,-27.01
2010-10-16,-27.07
2010-10-17,-26.95
2010-10-18,-27.03
2010-10-19,-27.05
2010-10-20,-27.03
2010-10-21,-27.05
2010-10-22,-27.13
2010-10-23,-27.21
2010-10-24,-27.31
2010-10-25,-27.05
2010-10-26,-27.08
2010-10-27,-27.26
2010-10-28,-27.14
2010-10-29,-27.13
2010-10-30,-27.17
2010-10-31,-26.96
2010-11-01,-26.82
2010-11-02,-26.85
2010-11-03,-27.09
2010-11-04,-27.17
2010-11-05,-27.16
2010-11-06,-27.04
2010-11-07,-26.9
2010-11-08,-26.71
2010-11-09,-26.83
2010-11-10,-26.96
2010-11-11,-27.11
2010-11-12,-26.78
2010-11-13,-26.8
2010-11-14,-26.81
2010-11-15,-26.76
2010-11-16,-26.87
2010-11-17,-27.03
2010-11-18,-27.09
2010-11-19,-27.09
2010-11-20,-27.12
2010-11-21,-26.77
2010-11-22,-26.96
2010-11-23,-27.0
2010-11-24,-26.92
2010-11-25,-26.88
2010-11-26,-26.84
2010-11-27,-27.04
2010-11-28,-26.9
2010-11-29,-27.0
2010-11-30,-27.04
2010-12-01,-27.01
2010-12-02,-27.12
2010-12-03,-27.27
2010-12-04,-27.2
2010-12-05,-27.04
2010-12-06,-26.93
2010-12-07,-26.9
2010-12-08,-26.89
2010-12-09,-26.66
2010-12-10,-26.75
2010-12-11,-26.71
2010-12-12,-26.44
2010-12-13,-26.52
2010-12-14,-26.36
2010-12-15,-26.32
2010-12-16,-26.4
2010-12-17,-26.31
2010-12-18,-26.3
2010-12-19,-26.17
2010-12-20,-25.93
2010-12-21,-26.06
2010-12-22,-25.9
2010-12-23,-25.89
2010-12-24,-25.87
2010-12-25,-25.45
2010-12-26,-25.38
2010-12-27,-25.62
2010-12-28,-25.64
2010-12-29,-25.5
2010-12-30,-25.44
2010-12-31,-25.6
2011-01-01,-25.56
2011-01-02,-25.24
2011-01-03,-25.48
2011-01-04,-25.35
2011-01-05,-25.29
2011-01-06,-25.24
2011-01-07,-25.19
2011-01-08,-25.31
2011-01-09,-25.22
2011-01-10,-25.08
2011-01-11,-24.98
2011-01-12,-25.14
2011-01-13,-24.92
2011-01-14,-24.87
2011-01-15,-25.09
2011-01-16,-25.02
2011-01-17,-24.79
2011-01-18,-24.86
2011-01-19,-24.8
2011-01-20,-24.7
2011-01-21,-24.78
2011-01-22,-24.78
2011-01-23,-24.59
2011-01-24,-24.71
2011-01-25,-24.62
2011-01-26,-24.55
2011-01-27,-24.63
2011-01-28,-24.69
2011-01-29,-24.71
2011-01-30,-24.57
2011-01-31,-24.36
2011-02-01,-24.49
2011-02-02,-24.41
2011-02-03,-24.41
2011-02-04,-24.51
2011-02-05,-24.47
2011-02-06,-24.27
2011-02-07,-24.3
2011-02-08,-24.31
2011-02-09,-24.15
2011-02-10,-24.18
2011-02-11,-24.21
2011-02-12,-24.11
2011-02-13,-24.07
2011-02-14,-24.07
2011-02-15,-24.09
2011-02-16,-23.9
2011-02-17,-24.05
2011-02-18,-23.99
2011-02-19,-24.18
2011-02-20,-24.1
2011-02-21,-23.84
2011-02-22,-23.97
2011-02-23,-24.05
2011-02-24,-24.01
2011-02-25,-24.03
2011-02-26,-24.07
2011-02-27,-23.95
2011-02-28,-23.87
2011-03-01,-23.89
2011-03-02,-23.89
2011-03-03,-23.97
2011-03-04,-24.11
2011-03-05,-24.06
2011-03-06,-24.09
2011-03-07,-24.14
2011-03-08,-24.13
2011-03-09,-24.06
2011-03-10,-24.11
2011-03-11,-24.09
2011-03-12,-24.11
2011-03-13,-24.03
2011-03-14,-23.96
2011-03-15,-23.93
2011-03-16,-23.95
2011-03-17,-23.92
2011-03-18,-23.86
2011-03-19,-24.02
2011-03-20,-23.9
2011-03-21,-23.9
2011-03-22,-23.92
2011-03-23,-23.82
2011-03-24,-23.99
2011-03-25,-23.96
2011-03-26,-23.87
2011-03-27,-23.82
2011-03-28,-23.54
2011-03-29,-23.67
2011-03-30,-23.82
2011-03-31,-23.86
2011-04-01,-23.9
2011-04-02,-23.96
2011-04-03,-23.87
2011-04-04,-23.9
2011-04-05,-23.82
2011-04-06,-23.78
2011-04-07,-23.77
2011-04-08,-23.75
2011-04-09,-23.75
2011-04-10,-23.68
2011-04-11,-23.66
2011-04-12,-23.78
2011-04-13,-23.75
2011-04-14,-23.86
2011-04-15,-23.8
2011-04-16,-23.88
2011-04-17,-23.78
2011-04-18,-23.83
2011-04-19,-23.89
2011-04-20,-23.85
2011-04-21,-23.99
2011-04-22,-23.88
2011-04-23,-23.89
2011-04-24,-23.4
2011-04-25,-23.35
2011-04-26,-23.51
2011-04-27,-23.65
2011-04-28,-23.72
2011-04-29,-23.7
2011-04-30,-23.48
2011-05-01,-23.5
2011-05-02,-23.6
2011-05-03,-23.53
2011-05-04,-23.78
2011-05-05,-23.84
2011-05-06,-23.87
2011-05-07,-24.01
2011-05-08,-23.77
2011-05-09,-23.91
2011-05-10,-23.96
2011-05-11,-24.04
2011-05-12,-24.08
2011-05-13,-24.12
2011-05-14,-24.2
2011-05-15,-24.07
2011-05-16,-23.68
2011-05-17,-23.85
2011-05-18,-23.9
2011-05-19,-23.91
2011-05-20,-23.84
2011-05-21,-23.81
2011-05-22,-23.76
2011-05-23,-23.94
2011-05-24,-24.07
2011-05-25,-24.29
2011-05-26,-24.23
2011-05-27,-24.06
2011-05-28,-23.93
2011-05-29,-23.89
2011-05-30,-23.9
2011-05-31,-24.07
2011-06-01,-23.94
2011-06-02,-23.74
2011-06-03,-23.88
2011-06-04,-23.76
2011-06-05,-23.68
2011-06-06,-23.7
2011-06-07,-23.66
2011-06-08,-23.67
2011-06-09,-23.82
2011-06-10,-23.84
2011-06-11,-23.87
2011-06-12,-23.71
2011-06-13,-23.68
2011-06-14,-23.84
2011-06-15,-24.08
2011-06-16,-24.25
2011-06-17,-24.26
2011-06-18,-24.15
2011-06-19,-24.11
2011-06-20,-24.19
2011-06-21,-24.31
2011-06-22,-24.35
2011-06-23,-24.68
2011-06-24,-24.69
2011-06-25,-24.77
2011-06-26,-24.74
2011-06-27,-24.73
2011-06-28,-24.9
2011-06-29,-24.82
2011-06-30,-24.59
2011-07-01,-24.66
2011-07-02,-24.35
2011-07-03,-24.25
2011-07-04,-24.55
2011-07-05,-24.59
2011-07-06,-24.61
2011-07-07,-24.99
2011-07-08,-24.97
2011-07-09,-25.11
2011-07-10,-24.98
2011-07-11,-25.0
2011-07-12,-25.23
2011-07-13,-25.33
2011-07-14,-25.27
2011-07-15,-25.26
2011-07-16,-25.18
2011-07-17,-25.11
2011-07-18,-25.16
2011-07-19,-25.15
2011-07-20,-25.1
2011-07-21,-25.21
2011-07-22,-25.47
2011-07-23,-25.42
2011-07-24,-25.03
2011-07-25,-24.7
2011-07-26,-24.85
2011-07-27,-24.84
2011-07-28,-24.79
2011-07-29,-24.77
2011-07-30,-24.76
2011-07-31,-24.78
2011-08-01,-24.85
2011-08-02,-24.95
2011-08-03,-25.15
2011-08-04,-25.08
2011-08-05,-25.13
2011-08-06,-25.24
2011-08-07,-25.13
2011-08-08,-25.18
2011-08-09,-25.28
2011-08-10,-25.37
2011-08-11,-25.33
2011-08-12,-25.4
2011-08-13,-25.45
2011-08-14,-25.28
2011-08-15,-25.22
2011-08-16,-25.27
2011-08-17,-25.52
2011-08-18,-25.54
2011-08-19,-25.65
2011-08-20,-25.79
2011-08-21,-25.78
2011-08-22,-25.76
2011-08-23,-25.91
2011-08-24,-25.92
2011-08-25,-25.96
2011-08-26,-25.92
2011-08-27,-25.93
2011-08-28,-25.72
2011-08-29,-25.84
2011-08-30,-25.82
2011-08-31,-25.84
2011-09-01,-26.07
2011-09-02,-26.06
2011-09-03,-26.07
2011-09-04,-25.98
2011-09-05,-25.76
2011-09-06,-25.95
2011-09-07,-26.11
2011-09-08,-26.03
2011-09-09,-26.04
2011-09-10,-26.2
2011-09-11,-26.25
2011-09-12,-26.28
2011-09-13,-26.3
2011-09-14,-26.43
2011-09-15,-26.4
2011-09-16,-26.46
2011-09-17,-26.52
2011-09-18,-26.29
2011-09-19,-26.15
2011-09-20,-26.09
2011-09-21,-26.1
2011-09-22,-26.1
2011-09-23,-26.17
2011-09-24,-26.38
2011-09-25,-26.23
2011-09-26,-26.21
2011-09-27,-26.35
2011-09-28,-26.52
2011-09-29,-26.66
2011-09-30,-26.6
2011-10-01,-26.65
2011-10-02,-26.64
2011-10-03,-26.7
2011-10-04,-26.68
2011-10-05,-26.74
2011-10-06,-26.77
2011-10-07,-26.73
2011-10-08,-26.73
2011-10-09,-26.54
2011-10-10,-26.55
2011-10-11,-26.77
2011-10-12,-26.72
2011-10-13,-26.76
2011-10-14,-26.63
2011-10-15,-26.78
2011-10-16,-26.78
2011-10-17,-26.65
2011-10-18,-26.73
2011-10-19,-26.59
2011-10-20,-26.55
2011-10-21,-26.56
2011-10-22,-26.66
2011-10-23,-26.66
2011-10-24,-26.76
2011-10-25,-26.79
2011-10-26,-26.8
2011-10-27,-26.9
2011-10-28,-27.02
2011-10-29,-26.95
2011-10-30,-26.94
2011-10-31,-26.96
2011-11-01,-27.06
2011-11-02,-27.08
2011-11-03,-27.13
2011-11-04,-27.15
2011-11-05,-27.16
2011-11-06,-27.13
2011-11-07,-27.14
2011-11-08,-27.23
2011-11-09,-27.15
2011-11-10,-27.29
2011-11-11,-27.29
2011-11-12,-27.39
2011-11-13,-27.43
2011-11-14,-27.31
2011-11-15,-27.38
2011-11-16,-27.45
2011-11-17,-27.42
2011-11-18,-27.48
2011-11-19,-27.59
2011-11-20,-27.5
2011-11-21,-27.49
2011-11-22,-27.57
2011-11-23,-27.56
2011-11-24,-27.57
2011-11-25,-27.63
2011-11-26,-27.63
2011-11-27,-27.64
2011-11-28,-27.62
2011-11-29,-27.63
2011-11-30,-27.66
2011-12-01,-27.69
2011-12-02,-27.62
2011-12-03,-27.66
2011-12-04,-27.66
2011-12-05,-27.65
2011-12-06,-27.72
2011-12-07,-27.78
2011-12-08,-27.77
2011-12-09,-27.78
2011-12-10,-27.79
2011-12-11,-27.78
2011-12-12,-27.45
2011-12-13,-27.68
2011-12-14,-27.69
2011-12-15,-27.85
2011-12-16,-27.98
2011-12-17,-27.92
2011-12-18,-27.92
2011-12-19,-27.88
2011-12-20,-27.86
2011-12-21,-27.73
2011-12-22,-27.82
2011-12-23,-27.91
2011-12-24,-28.04
2011-12-25,-27.84
2011-12-26,-27.7
2011-12-27,-27.74
2011-12-28,-27.78
2011-12-29,-27.85
2011-12-30,-27.9
2011-12-31,-28.12
2012-01-01,-27.97
2012-01-02,-27.82
2012-01-03,-27.83
2012-01-04,-27.86
2012-01-05,-27.82
2012-01-06,-28.04
2012-01-07,-28.13
2012-01-08,-28.12
2012-01-09,-28.12
2012-01-10,-28.22
2012-01-11,-28.25
2012-01-12,-28.29
2012-01-13,-28.19
2012-01-14,-28.26
2012-01-15,-28.29
2012-01-16,-28.3
2012-01-17,-28.35
2012-01-18,-28.4
2012-01-19,-28.39
2012-01-20,-28.28
2012-01-21,-28.42
2012-01-22,-28.43
2012-01-23,-28.44
2012-01-24,-28.44
2012-01-25,-28.51
2012-01-26,-28.53
2012-01-27,-28.58
2012-01-28,-28.58
2012-01-29,-28.52
2012-01-30,-28.57
2012-01-31,-28.58
2012-02-01,-28.53
2012-02-02,-28.57
2012-02-03,-28.65
2012-02-04,-28.73
2012-02-05,-28.75
2012-02-06,-28.74
2012-02-07,-28.57
2012-02-08,-28.75
2012-02-09,-28.84
2012-02-10,-28.77
2012-02-11,-28.68
2012-02-12,-28.71
2012-02-13,-28.85
2012-02-14,-28.9
2012-02-15,-28.95
2012-02-16,-28.99
2012-02-17,-29.09
2012-02-18,-29.09
2012-02-19,-29.07
2012-02-20,-29.02
2012-02-21,-29.09
2012-02-22,-29.15
2012-02-23,-29.15
2012-02-24,-29.17
2012-02-25,-29.23
2012-02-26,-29.16
2012-02-27,-29.05
2012-02-28,-28.89
2012-02-29,-28.85
2012-03-01,-28.95
2012-03-02,-29.09
2012-03-03,-29.15
2012-03-04,-29.12
2012-03-05,-29.1
2012-03-06,-29.09
2012-03-07,-29.15
2012-03-08,-29.12
2012-03-09,-29.25
2012-03-10,-29.23
2012-03-11,-29.09
2012-03-12,-29.14
2012-03-13,-29.17
2012-03-14,-29.17
2012-03-15,-29.22
2012-03-16,-29.24
2012-03-17,-29.3
2012-03-18,-29.32
2012-03-19,-29.25
2012-03-20,-29.27
2012-03-21,-29.23
2012-03-22,-29.26
2012-03-23,-29.31
2012-03-24,-29.45
2012-03-25,-29.54
2012-03-26,-29.49
2012-03-27,-29.52
2012-03-28,-29.55
2012-03-29,-29.56
2012-03-30,-29.6
2012-03-31,-29.67
2012-04-01,-29.68
2012-04-02,-29.62
2012-04-03,-29.58
2012-04-04,-29.6
2012-04-05,-29.57
2012-04-06,-29.6
2012-04-07,-29.58
2012-04-08,-29.53
2012-04-09,-29.54
2012-04-10,-29.56
2012-04-11,-29.57
2012-04-12,-29.6
2012-04-13,-29.57
2012-04-14,-29.6
2012-04-15,-29.62
2012-04-16,-29.65
2012-04-17,-29.72
2012-04-18,-29.66
2012-04-19,-29.66
2012-04-20,-29.67
2012-04-21,-29.75
2012-04-22,-29.65
2012-04-23,-29.55
2012-04-24,-29.56
2012-04-25,-29.52
2012-04-26,-29.33
2012-04-27,-29.35
2012-04-28,-29.66
2012-04-29,-29.49
2012-04-30,-29.36
2012-05-01,-29.3
2012-05-02,-29.45
2012-05-03,-29.54
2012-05-04,-29.53
2012-05-05,-29.66
2012-05-06,-29.1
2012-05-07,-29.17
2012-05-08,-29.25
2012-05-09,-29.28
2012-05-10,-29.38
2012-05-11,-29.57
2012-05-12,-29.65
2012-05-13,-29.5
2012-05-14,-29.16
2012-05-15,-29.32
2012-05-16,-29.56
2012-05-17,-29.51
2012-05-18,-29.49
2012-05-19,-29.6
2012-05-20,-29.36
2012-05-21,-29.13
2012-05-22,-29.14
2012-05-23,-29.18
2012-05-24,-29.32
2012-05-25,-29.41
2012-05-26,-29.5
2012-05-27,-29.39
2012-05-28,-29.4
2012-05-29,-29.19
2012-05-30,-29.36
2012-05-31,-29.4
2012-06-01,-29.44
2012-06-02,-29.46
2012-06-03,-29.44
2012-06-04,-29.35
2012-06-05,-29.31
2012-06-06,-29.42
2012-06-07,-29.47
2012-06-08,-29.53
2012-06-09,-29.37
2012-06-10,-29.46
2012-06-11,-29.31
2012-06-12,-29.27
2012-06-13,-29.31
2012-06-14,-29.38
2012-06-15,-29.56
2012-06-16,-29.68
2012-06-17,-29.75
2012-06-18,-29.86
2012-06-19,-29.98
2012-06-20,-30.09
2012-06-21,-30.25
2012-06-22,-30.28
2012-06-23,-30.23
2012-06-24,-30.2
2012-06-25,-30.16
2012-06-26,-30.2275
2012-06-27,-30.295
2012-06-28,-30.3625
2012-06-29,-30.43
2012-06-30,-30.4975
2012-07-01,-30.564999999999998
2012-07-02,-30.6325
2012-07-03,-30.7
2012-07-04,-30.89
2012-07-05,-31.1
2012-07-06,-31.16
2012-07-07,-31.23
2012-07-08,-31.33
2012-07-09,-31.41
2012-07-10,-31.67
2012-07-11,-31.79
2012-07-12,-31.87
2012-07-13,-31.94
2012-07-14,-32.02
2012-07-15,-32.09
2012-07-16,-32.13
2012-07-17,-32.17
2012-07-18,-32.25
2012-07-19,-32.31
2012-07-20,-32.34
2012-07-21,-32.42
2012-07-22,-32.18
2012-07-23,-32.17
2012-07-24,-32.15
2012-07-25,-32.21
2012-07-26,-32.28
2012-07-27,-32.49
2012-07-28,-32.62
2012-07-29,-32.67
2012-07-30,-32.72
2012-07-31,-32.85
2012-08-01,-32.93
2012-08-02,-32.99
2012-08-03,-33.08
2012-08-04,-33.15
2012-08-05,-33.26
2012-08-06,-33.29
2012-08-07,-33.36
2012-08-08,-33.43
2012-08-09,-33.46
2012-08-10,-33.51
2012-08-11,-33.56
2012-08-12,-33.53
2012-08-13,-33.55
2012-08-14,-33.62
2012-08-15,-33.57
2012-08-16,-33.56
2012-08-17,-33.7
2012-08-18,-33.71
2012-08-19,-33.73
2012-08-20,-33.78
2012-08-21,-33.82
2012-08-22,-33.88
2012-08-23,-33.89
2012-08-24,-33.93
2012-08-25,-33.96
2012-08-26,-33.96
2012-08-27,-33.92
2012-08-28,-33.83
2012-08-29,-34.0
2012-08-30,-34.02
2012-08-31,-34.02
2012-09-01,-33.97
2012-09-02,-33.8
2012-09-03,-33.76
2012-09-04,-33.73
2012-09-05,-33.73
2012-09-06,-33.81
2012-09-07,-33.86
2012-09-08,-33.87
2012-09-09,-34.0
2012-09-10,-34.02
2012-09-11,-34.05
2012-09-12,-34.04
2012-09-13,-33.84
2012-09-14,-33.79
2012-09-15,-34.01
2012-09-16,-34.02
2012-09-17,-33.75
2012-09-18,-33.75
2012-09-19,-33.77
2012-09-20,-33.84
2012-09-21,-33.97
2012-09-22,-34.01
2012-09-23,-33.96
2012-09-24,-33.98
2012-09-25,-34.06
2012-09-26,-34.1
2012-09-27,-34.14
2012-09-28,-34.17
2012-09-29,-34.16
2012-09-30,-34.15
2012-10-01,-34.11
2012-10-02,-34.18
2012-10-03,-34.2
2012-10-04,-34.19
2012-10-05,-34.24
2012-10-06,-34.29
2012-10-07,-34.28
2012-10-08,-34.24
2012-10-09,-34.31
2012-10-10,-34.3
2012-10-11,-34.3
2012-10-12,-34.3
2012-10-13,-34.35
2012-10-14,-34.33
2012-10-15,-34.29
2012-10-16,-34.14
2012-10-17,-34.32
2012-10-18,-34.32
2012-10-19,-34.32
2012-10-20,-34.33
2012-10-21,-34.37
2012-10-22,-34.33
2012-10-23,-34.43
2012-10-24,-34.45
2012-10-25,-34.44
2012-10-26,-34.39
2012-10-27,-34.42
2012-10-28,-34.44
2012-10-29,-34.42
2012-10-30,-34.39
2012-10-31,-34.4
2012-11-01,-34.4
2012-11-02,-34.43
2012-11-03,-34.47
2012-11-04,-34.39
2012-11-05,-34.32
2012-11-06,-34.35
2012-11-07,-34.46
2012-11-08,-34.41
2012-11-09,-34.44
2012-11-10,-34.44
2012-11-11,-34.42
2012-11-12,-34.43
2012-11-13,-34.47
2012-11-14,-34.47
2012-11-15,-34.43
2012-11-16,-34.29
2012-11-17,-34.24
2012-11-18,-34.16
2012-11-19,-34.13
2012-11-20,-34.02
2012-11-21,-34.01
2012-11-22,-33.99
2012-11-23,-33.8
2012-11-24,-33.88
2012-11-25,-33.86
2012-11-26,-33.67
2012-11-27,-33.73
2012-11-28,-33.43
2012-11-29,-33.44
2012-11-30,-33.58
2012-12-01,-33.55
2012-12-02,-33.51
2012-12-03,-33.44
2012-12-04,-33.32
2012-12-05,-33.25
2012-12-06,-33.31
2012-12-07,-33.24
2012-12-08,-33.22
2012-12-09,-33.16
2012-12-10,-33.09
2012-12-11,-33.02
2012-12-12,-33.03
2012-12-13,-33.08
2012-12-14,-32.94
2012-12-15,-32.8
2012-12-16,-32.81
2012-12-17,-32.68
2012-12-18,-32.78
2012-12-19,-32.73
2012-12-20,-32.66
2012-12-21,-32.53
2012-12-22,-32.51
2012-12-23,-32.4
2012-12-24,-32.35
2012-12-25,-32.23
2012-12-26,-31.89
2012-12-27,-31.95
2012-12-28,-31.92
2012-12-29,-31.99
2012-12-30,-31.93
2012-12-31,-32.01
2013-01-01,-31.84
2013-01-02,-31.7
2013-01-03,-31.79
2013-01-04,-31.66
2013-01-05,-31.61
2013-01-06,-31.54
2013-01-07,-31.39
2013-01-08,-31.15
2013-01-09,-31.17
2013-01-10,-31.06
2013-01-11,-31.14
2013-01-12,-31.22
2013-01-13,-31.09
2013-01-14,-31.0
2013-01-15,-31.01
2013-01-16,-30.79
2013-01-17,-30.86
2013-01-18,-30.82
2013-01-19,-30.82
2013-01-20,-30.67
2013-01-21,-30.66
2013-01-22,-30.68
2013-01-23,-30.61
2013-01-24,-30.51
2013-01-25,-30.5
2013-01-26,-30.5
2013-01-27,-30.43
2013-01-28,-30.32
2013-01-29,-30.27
2013-01-30,-30.28
2013-01-31,-30.17
2013-02-01,-30.08
2013-02-02,-29.95
2013-02-03,-29.99
2013-02-04,-29.93
2013-02-05,-29.88
2013-02-06,-29.67
2013-02-07,-29.68
2013-02-08,-29.58
2013-02-09,-29.58
2013-02-10,-29.48
2013-02-11,-29.3
2013-02-12,-29.3
2013-02-13,-29.25
2013-02-14,-29.17
2013-02-15,-29.06
2013-02-16,-29.06
2013-02-17,-28.92
2013-02-18,-28.83
2013-02-19,-28.67
2013-02-20,-28.66
2013-02-21,-28.46
2013-02-22,-28.48
2013-02-23,-28.43
2013-02-24,-28.37
2013-02-25,-28.28
2013-02-26,-28.28
2013-02-27,-28.22
2013-02-28,-28.2
2013-03-01,-28.14
2013-03-02,-28.04
2013-03-03,-27.94
2013-03-04,-27.93
2013-03-05,-27.82
2013-03-06,-27.68
2013-03-07,-27.66
2013-03-08,-27.6
2013-03-09,-27.58
2013-03-10,-27.49
2013-03-11,-27.41
2013-03-12,-27.38
2013-03-13,-27.31772727272727
2013-03-14,-27.255454545454544
2013-03-15,-27.193181818181817
2013-03-16,-27.13090909090909
2013-03-17,-27.06863636363636
2013-03-18,-27.006363636363638
2013-03-19,-26.94409090909091
2013-03-20,-26.881818181818183
2013-03-21,-26.819545454545455
2013-03-22,-26.757272727272728
2013-03-23,-26.695
2013-03-24,-26.632727272727273
2013-03-25,-26.570454545454545
2013-03-26,-26.508181818181818
2013-03-27,-26.44590909090909
2013-03-28,-26.383636363636363
2013-03-29,-26.32136363636364
2013-03-30,-26.25909090909091
2013-03-31,-26.196818181818184
2013-04-01,-26.134545454545457
2013-04-02,-26.07227272727273
2013-04-03,-26.01
2013-04-04,-25.98
2013-04-05,-25.92
2013-04-06,-25.96
2013-04-07,-25.99
2013-04-08,-25.76
2013-04-09,-25.79
2013-04-10,-25.84
2013-04-11,-25.83
2013-04-12,-25.85
2013-04-13,-25.77
2013-04-14,-25.71
2013-04-15,-26.1
2013-04-16,-25.51
2013-04-17,-25.57
2013-04-18,-25.44
2013-04-19,-25.33
2013-04-20,-25.32
2013-04-21,-25.12
2013-04-22,-25.08
2013-04-23,-25.25
2013-04-24,-25.04
2013-04-25,-25.03
2013-04-26,-25.0
2013-04-27,-24.98
2013-04-28,-24.94
2013-04-29,-24.81
2013-04-30,-24.84
2013-05-01,-24.77
2013-05-02,-24.58
2013-05-03,-24.57
2013-05-04,-24.67
2013-05-05,-24.5
2013-05-06,-24.24
2013-05-07,-24.36
2013-05-08,-24.23
2013-05-09,-24.41
2013-05-10,-24.29
2013-05-11,-24.35
2013-05-12,-24.21
2013-05-13,-24.25
2013-05-14,-24.5
2013-05-15,-24.44
2013-05-16,-24.21
2013-05-17,-24.0
2013-05-18,-24.2
2013-05-19,-24.23
2013-05-20,-24.19
2013-05-21,-24.25
2013-05-22,-24.06
2013-05-23,-24.08
2013-05-24,-24.02
2013-05-25,-23.95
2013-05-26,-23.8
2013-05-27,-23.74
2013-05-28,-23.6
2013-05-29,-23.72
2013-05-30,-23.82
2013-05-31,-23.63
2013-06-01,-23.71
2013-06-02,-23.67
2013-06-03,-23.54
2013-06-04,-23.47
2013-06-05,-23.59
2013-06-06,-23.63
2013-06-07,-23.53
2013-06-08,-23.64
2013-06-09,-23.32
2013-06-10,-23.31
2013-06-11,-23.23
2013-06-12,-23.18
2013-06-13,-23.47
2013-06-14,-23.37
2013-06-15,-23.37
2013-06-16,-23.35
2013-06-17,-23.28
2013-06-18,-23.58
2013-06-19,-23.47
2013-06-20,-23.41
2013-06-21,-23.44
2013-06-22,-23.41
2013-06-23,-23.08
2013-06-24,-23.13
2013-06-25,-22.88
2013-06-26,-22.94
2013-06-27,-22.75
2013-06-28,-22.82
2013-06-29,-22.59
2013-06-30,-22.56
2013-07-01,-22.6
2013-07-02,-22.92
2013-07-03,-22.91
2013-07-04,-22.89
2013-07-05,-22.64
2013-07-06,-23.01
2013-07-07,-23.03
2013-07-08,-23.14
2013-07-09,-23.02
2013-07-10,-23.07
2013-07-11,-22.99
2013-07-12,-22.75
2013-07-13,-22.8
2013-07-14,-22.8
2013-07-15,-22.78
2013-07-16,-22.87
2013-07-17,-22.93
2013-07-18,-22.94
2013-07-19,-22.76
2013-07-20,-22.36
2013-07-21,-22.19
2013-07-22,-22.66
2013-07-23,-22.75
2013-07-24,-22.93
2013-07-25,-22.92
2013-07-26,-23.06
2013-07-27,-23.24
2013-07-28,-23.09
2013-07-29,-23.06
2013-07-30,-22.99
2013-07-31,-23.05
2013-08-01,-23.17
2013-08-02,-23.17
2013-08-03,-23.28
2013-08-04,-23.36
2013-08-05,-23.26
2013-08-06,-23.53
2013-08-07,-23.59
2013-08-08,-23.47
2013-08-09,-23.44
2013-08-10,-23.34
2013-08-11,-23.25
2013-08-12,-23.31
2013-08-13,-23.34
2013-08-14,-23.44
2013-08-15,-23.06
2013-08-16,-23.15
2013-08-17,-23.41
2013-08-18,-23.35
2013-08-19,-23.43
2013-08-20,-23.16
2013-08-21,-23.37
2013-08-22,-23.39
2013-08-23,-23.59
2013-08-24,-23.49
2013-08-25,-23.14
2013-08-26,-23.11
2013-08-27,-23.38
2013-08-28,-23.3
2013-08-29,-23.46
2013-08-30,-23.52
2013-08-31,-23.59
2013-09-01,-23.53
2013-09-02,-23.52
2013-09-03,-23.64
2013-09-04,-23.64
2013-09-05,-23.61
2013-09-06,-23.59
2013-09-07,-23.6
2013-09-08,-23.37
2013-09-09,-23.33
2013-09-10,-23.27
2013-09-11,-23.31
2013-09-12,-23.32
2013-09-13,-23.28
2013-09-14,-23.4
2013-09-15,-23.28
2013-09-16,-23.25
2013-09-17,-23.2
2013-09-18,-23.31
2013-09-19,-23.37
2013-09-20,-23.51
2013-09-21,-23.59
2013-09-22,-23.54
2013-09-23,-23.57
2013-09-24,-23.56
2013-09-25,-23.5
2013-09-26,-23.52
2013-09-27,-23.5
2013-09-28,-23.51
2013-09-29,-23.39
2013-09-30,-23.22
2013-10-01,-23.26
2013-10-02,-23.41
2013-10-03,-23.48
2013-10-04,-23.38
2013-10-05,-23.33
2013-10-06,-23.31
2013-10-07,-23.19
2013-10-08,-23.17
2013-10-09,-23.14
2013-10-10,-23.15
2013-10-11,-23.17
2013-10-12,-23.19
2013-10-13,-23.11
2013-10-14,-23.05
2013-10-15,-23.07
2013-10-16,-23.03
2013-10-17,-23.47
2013-10-18,-23.17
2013-10-19,-23.32
2013-10-20,-23.31
2013-10-21,-23.27
2013-10-22,-23.24
2013-10-23,-23.25
2013-10-24,-23.26
2013-10-25,-23.2
2013-10-26,-23.26
2013-10-27,-23.24
2013-10-28,-23.27
2013-10-29,-23.48
2013-10-30,-23.37
2013-10-31,-23.32
2013-11-01,-23.38
2013-11-02,-23.25
2013-11-03,-23.21
2013-11-04,-23.14
2013-11-05,-23.17
2013-11-06,-23.36
2013-11-07,-23.47
2013-11-08,-23.39
2013-11-09,-23.18
2013-11-10,-23.13
2013-11-11,-23.37
2013-11-12,-23.48
2013-11-13,-23.53
2013-11-14,-23.49
2013-11-15,-23.45
2013-11-16,-23.47
2013-11-17,-23.35
2013-11-18,-23.28
2013-11-19,-23.05
2013-11-20,-23.16
2013-11-21,-22.99
2013-11-22,-22.93
2013-11-23,-23.03
2013-11-24,-22.97
2013-11-25,-23.0
2013-11-26,-22.99
2013-11-27,-22.95
2013-11-28,-22.95
2013-11-29,-22.79
2013-11-30,-22.87
2013-12-01,-22.68
2013-12-02,-22.5
2013-12-03,-22.82
2013-12-04,-23.28
2013-12-05,-23.05
2013-12-06,-22.95
2013-12-07,-23.14
2013-12-08,-22.96
2013-12-09,-22.9
2013-12-10,-22.92
2013-12-11,-22.98
2013-12-12,-22.83
2013-12-13,-22.86
2013-12-14,-22.86
2013-12-15,-22.67
2013-12-16,-22.63
2013-12-17,-22.74
2013-12-18,-22.65
2013-12-19,-22.73
2013-12-20,-22.73
2013-12-21,-22.78
2013-12-22,-22.58
2013-12-23,-22.48
2013-12-24,-22.49
2013-12-25,-22.29
2013-12-26,-21.94
2013-12-27,-22.31
2013-12-28,-22.38
2013-12-29,-22.31
2013-12-30,-22.32
2013-12-31,-22.43
2014-01-01,-22.28
2014-01-02,-22.23
2014-01-03,-22.33
2014-01-04,-22.34
2014-01-05,-22.22
2014-01-06,-22.29
2014-01-07,-22.41
2014-01-08,-22.39
2014-01-09,-22.33
2014-01-10,-22.23
2014-01-11,-22.29
2014-01-12,-22.27
2014-01-13,-22.3
2014-01-14,-22.15
2014-01-15,-22.23
2014-01-16,-22.31
2014-01-17,-22.39
2014-01-18,-22.42
2014-01-19,-22.17
2014-01-20,-22.05
2014-01-21,-22.02
2014-01-22,-22.11
2014-01-23,-22.17
2014-01-24,-22.07
2014-01-25,-22.13
2014-01-26,-22.06
2014-01-27,-22.02
2014-01-28,-22.02
2014-01-29,-22.09
2014-01-30,-22.16
2014-01-31,-22.42
2014-02-01,-22.29
2014-02-02,-22.28
2014-02-03,-22.14
2014-02-04,-22.11
2014-02-05,-22.14
2014-02-06,-22.1
2014-02-07,-22.22
2014-02-08,-22.24
2014-02-09,-22.18
2014-02-10,-22.12
2014-02-11,-21.97
2014-02-12,-22.02
2014-02-13,-21.94
2014-02-14,-21.84
2014-02-15,-21.89
2014-02-16,-22.04
2014-02-17,-21.93
2014-02-18,-21.65
2014-02-19,-21.21
2014-02-20,-21.04
2014-02-21,-20.98
2014-02-22,-20.89
2014-02-23,-20.81
2014-02-24,-20.72
2014-02-25,-20.66
2014-02-26,-20.77
2014-02-27,-20.7
2014-02-28,-20.63
2014-03-01,-20.59
2014-03-02,-20.41
2014-03-03,-20.43
2014-03-04,-20.46
2014-03-05,-20.92
2014-03-06,-20.82
2014-03-07,-20.68
2014-03-08,-20.67
2014-03-09,-20.53
2014-03-10,-20.78
2014-03-11,-20.48
2014-03-12,-20.47
2014-03-13,-20.46
2014-03-14,-20.63
2014-03-15,-20.56
2014-03-16,-20.49
2014-03-17,-20.22
2014-03-18,-20.08
2014-03-19,-19.99
2014-03-20,-20.29
2014-03-21,-20.36
2014-03-22,-20.38
2014-03-23,-20.06
2014-03-24,-19.94
2014-03-25,-20.12
2014-03-26,-20.12
2014-03-27,-20.27
2014-03-28,-20.22
2014-03-29,-20.33
2014-03-30,-20.24
2014-03-31,-20.22
2014-04-01,-20.28
2014-04-02,-20.38
2014-04-03,-20.38
2014-04-04,-20.15
2014-04-05,-20.13
2014-04-06,-20.17
2014-04-07,-20.18
2014-04-08,-20.06
2014-04-09,-20.07
2014-04-10,-20.21
2014-04-11,-20.24
2014-04-12,-20.29
2014-04-13,-20.28
2014-04-14,-20.08
2014-04-15,-20.26
2014-04-16,-20.15
2014-04-17,-19.97
2014-04-18,-20.02
2014-04-19,-20.08
2014-04-20,-19.74
2014-04-21,-19.66
2014-04-22,-20.03
2014-04-23,-19.93
2014-04-24,-20.13
2014-04-25,-20.09
2014-04-26,-19.99
2014-04-27,-19.71
2014-04-28,-19.8
2014-04-29,-19.91
2014-04-30,-19.99
2014-05-01,-19.86
2014-05-02,-19.8
2014-05-03,-19.8
2014-05-04,-19.86
2014-05-05,-20.13
2014-05-06,-20.06
2014-05-07,-20.06
2014-05-08,-20.04
2014-05-09,-20.14
2014-05-10,-20.21
2014-05-11,-20.11
2014-05-12,-20.08
2014-05-13,-20.06
2014-05-14,-20.07
2014-05-15,-20.18
2014-05-16,-20.19
2014-05-17,-20.23
2014-05-18,-20.19
2014-05-19,-20.22
2014-05-20,-20.16
2014-05-21,-20.16
2014-05-22,-20.22
2014-05-23,-20.16
2014-05-24,-20.32
2014-05-25,-20.26
2014-05-26,-20.02
2014-05-27,-20.29
2014-05-28,-20.21
2014-05-29,-20.37
2014-05-30,-20.32
2014-05-31,-20.3
2014-06-01,-20.29
2014-06-02,-20.27
2014-06-03,-20.29
2014-06-04,-20.51
2014-06-05,-20.43
2014-06-06,-20.6
2014-06-07,-20.66
2014-06-08,-20.78
2014-06-09,-20.68
2014-06-10,-20.75
2014-06-11,-20.8
2014-06-12,-20.91
2014-06-13,-20.7
2014-06-14,-20.6
2014-06-15,-20.41
2014-06-16,-20.44
2014-06-17,-20.19
2014-06-18,-20.33
2014-06-19,-20.37
2014-06-20,-20.37
2014-06-21,-20.68
2014-06-22,-20.94
2014-06-23,-21.02
2014-06-24,-20.99
2014-06-25,-20.89
2014-06-26,-20.86
2014-06-27,-20.83
2014-06-28,-21.23
2014-06-29,-21.16
2014-06-30,-21.15
2014-07-01,-21.03
2014-07-02,-21.17
2014-07-03,-21.27
2014-07-04,-21.33
2014-07-05,-21.4
2014-07-06,-21.36
2014-07-07,-21.45
2014-07-08,-21.22
2014-07-09,-21.16
2014-07-10,-20.88
2014-07-11,-20.94
2014-07-12,-21.16
2014-07-13,-21.17
2014-07-14,-21.02
2014-07-15,-20.98
2014-07-16,-21.17
2014-07-17,-21.32
2014-07-18,-21.4
2014-07-19,-21.49
2014-07-20,-21.51
2014-07-21,-21.4
2014-07-22,-21.11
2014-07-23,-21.17
2014-07-24,-21.13
2014-07-25,-21.07
2014-07-26,-21.12
2014-07-27,-20.7
2014-07-28,-21.11
2014-07-29,-21.14
2014-07-30,-21.28
2014-07-31,-20.97
2014-08-01,-21.34
2014-08-02,-21.37
2014-08-03,-21.26
2014-08-04,-21.33
2014-08-05,-21.42
2014-08-06,-21.16
2014-08-07,-21.19
2014-08-08,-21.5
2014-08-09,-21.55
2014-08-10,-21.48
2014-08-11,-21.65
2014-08-12,-21.63
2014-08-13,-21.69
2014-08-14,-21.71
2014-08-15,-21.42
2014-08-16,-21.64
2014-08-17,-21.61
2014-08-18,-21.68
2014-08-19,-21.74
2014-08-20,-21.7
2014-08-21,-21.59
2014-08-22,-21.76
2014-08-23,-21.86
2014-08-24,-21.47
2014-08-25,-21.5
2014-08-26,-21.49
2014-08-27,-21.55
2014-08-28,-21.61
2014-08-29,-21.77
2014-08-30,-21.88
2014-08-31,-21.72
2014-09-01,-21.59
2014-09-02,-21.68
2014-09-03,-21.72
2014-09-04,-21.57
2014-09-05,-21.79
2014-09-06,-21.75
2014-09-07,-21.64
2014-09-08,-21.62
2014-09-09,-21.81
2014-09-10,-21.92
2014-09-11,-21.72
2014-09-12,-21.77
2014-09-13,-21.75
2014-09-14,-21.74
2014-09-15,-21.72
2014-09-16,-21.87
2014-09-17,-21.88
2014-09-18,-21.87
2014-09-19,-22.12
2014-09-20,-21.9
2014-09-21,-21.85
2014-09-22,-21.83
2014-09-23,-21.86
2014-09-24,-21.94
2014-09-25,-21.83
2014-09-26,-21.81
2014-09-27,-22.03
2014-09-28,-22.03
2014-09-29,-21.96
2014-09-30,-21.88
2014-10-01,-22.02
2014-10-02,-21.74
2014-10-03,-21.89
2014-10-04,-21.99
2014-10-05,-21.96
2014-10-06,-21.92
2014-10-07,-21.99
2014-10-08,-21.99
2014-10-09,-22.09
2014-10-10,-22.04
2014-10-11,-22.16
2014-10-12,-22.01
2014-10-13,-22.01
2014-10-14,-21.92
2014-10-15,-21.76
2014-10-16,-21.8
2014-10-17,-21.84
2014-10-18,-21.85
2014-10-19,-21.97
2014-10-20,-21.95
2014-10-21,-21.85
2014-10-22,-21.85
2014-10-23,-21.95
2014-10-24,-21.88
2014-10-25,-21.99
2014-10-26,-22.04
2014-10-27,-22.06
2014-10-28,-22.01
2014-10-29,-21.97
2014-10-30,-22.02
2014-10-31,-22.04
2014-11-01,-22.07
2014-11-02,-22.06
2014-11-03,-22.06
2014-11-04,-22.05
2014-11-05,-21.98
2014-11-06,-22.12
2014-11-07,-22.02
2014-11-08,-22.07
2014-11-09,-22.05
2014-11-10,-22.0
2014-11-11,-21.82
2014-11-12,-21.81
2014-11-13,-21.84
2014-11-14,-21.98
2014-11-15,-21.96
2014-11-16,-21.81
2014-11-17,-21.83
2014-11-18,-21.94
2014-11-19,-21.81
2014-11-20,-21.96
2014-11-21,-21.91
2014-11-22,-21.88
2014-11-23,-21.9
2014-11-24,-21.88
2014-11-25,-21.9
2014-11-26,-21.99
2014-11-27,-21.85
2014-11-28,-21.93
2014-11-29,-22.05
2014-11-30,-21.95
2014-12-01,-21.81
2014-12-02,-21.84
2014-12-03,-21.8
2014-12-04,-21.83
2014-12-05,-21.91
2014-12-06,-21.89
2014-12-07,-21.84
2014-12-08,-21.84
2014-12-09,-21.84
2014-12-10,-21.88
2014-12-11,-21.88
2014-12-12,-21.83
2014-12-13,-21.81
2014-12-14,-21.77
2014-12-15,-21.79
2014-12-16,-21.71
2014-12-17,-21.73
2014-12-18,-21.78
2014-12-19,-21.78
2014-12-20,-21.81
2014-12-21,-21.75
2014-12-22,-21.73
2014-12-23,-21.76
2014-12-24,-21.74
2014-12-25,-21.41
2014-12-26,-21.42
2014-12-27,-21.61
2014-12-28,-21.43
2014-12-29,-21.63
2014-12-30,-21.67
2014-12-31,-21.83
2015-01-01,-21.72
2015-01-02,-21.62
2015-01-03,-21.72
2015-01-04,-21.55
2015-01-05,-21.69
2015-01-06,-21.49
2015-01-07,-21.59
2015-01-08,-21.64
2015-01-09,-21.62
2015-01-10,-21.61
2015-01-11,-21.45
2015-01-12,-21.63
2015-01-13,-21.68
2015-01-14,-21.55
2015-01-15,-21.52
2015-01-16,-21.52
2015-01-17,-21.52
2015-01-18,-21.52
2015-01-19,-21.51
2015-01-20,-21.45
2015-01-21,-21.49
2015-01-22,-21.48
2015-01-23,-21.55
2015-01-24,-21.54
2015-01-25,-21.57
2015-01-26,-21.61
2015-01-27,-21.61
2015-01-28,-21.58
2015-01-29,-21.43
2015-01-30,-21.37
2015-01-31,-21.51
2015-02-01,-21.57
2015-02-02,-21.59
2015-02-03,-21.45
2015-02-04,-21.39
2015-02-05,-21.33
2015-02-06,-21.4
2015-02-07,-21.78
2015-02-08,-21.49
2015-02-09,-21.56
2015-02-10,-21.5
2015-02-11,-21.43
2015-02-12,-21.47
2015-02-13,-21.43
2015-02-14,-21.42
2015-02-15,-21.37
2015-02-16,-21.35
2015-02-17,-21.43
2015-02-18,-21.64
2015-02-19,-21.57
2015-02-20,-21.57
2015-02-21,-21.38
2015-02-22,-21.28
2015-02-23,-21.27
2015-02-24,-21.2
2015-02-25,-21.29
2015-02-26,-21.33
2015-02-27,-21.26
2015-02-28,-21.44
2015-03-01,-21.3
2015-03-02,-21.26
2015-03-03,-21.11
2015-03-04,-21.28
2015-03-05,-21.18
2015-03-06,-21.25
2015-03-07,-21.31
2015-03-08,-21.15
2015-03-09,-21.09
2015-03-10,-21.24
2015-03-11,-21.23
2015-03-12,-21.14
2015-03-13,-21.04
2015-03-14,-21.16
2015-03-15,-21.04
2015-03-16,-21.02
2015-03-17,-20.84
2015-03-18,-21.06
2015-03-19,-20.92
2015-03-20,-21.04
2015-03-21,-21.01
2015-03-22,-20.84
2015-03-23,-20.8
2015-03-24,-20.95
2015-03-25,-20.63
2015-03-26,-20.93
2015-03-27,-20.98
2015-03-28,-21.03
2015-03-29,-20.84
2015-03-30,-20.74
2015-03-31,-20.73
2015-04-01,-20.9
2015-04-02,-20.72
2015-04-03,-20.98
2015-04-04,-20.78
2015-04-05,-20.59
2015-04-06,-20.52
2015-04-07,-20.75
2015-04-08,-20.62
2015-04-09,-20.75
2015-04-10,-20.73
2015-04-11,-20.8
2015-04-12,-20.66
2015-04-13,-20.71
2015-04-14,-20.75
2015-04-15,-20.77
2015-04-16,-20.82
2015-04-17,-20.78
2015-04-18,-20.58
2015-04-19,-20.69
2015-04-20,-20.52
2015-04-21,-20.8
2015-04-22,-20.98
2015-04-23,-20.66
2015-04-24,-20.47
2015-04-25,-20.55
2015-04-26,-20.49
2015-04-27,-20.38
2015-04-28,-20.33
2015-04-29,-20.36
2015-04-30,-20.4
2015-05-01,-20.37
2015-05-02,-20.23
2015-05-03,-20.28
2015-05-04,-20.37
2015-05-05,-20.4
2015-05-06,-20.46
2015-05-07,-20.37
2015-05-08,-20.49
2015-05-09,-20.51
2015-05-10,-20.52
2015-05-11,-20.45
2015-05-12,-20.57
2015-05-13,-20.62
2015-05-14,-20.54
2015-05-15,-20.56
2015-05-16,-20.6
2015-05-17,-20.51
2015-05-18,-20.6
2015-05-19,-20.69
2015-05-20,-20.67
2015-05-21,-20.59
2015-05-22,-20.55
2015-05-23,-20.46
2015-05-24,-20.37
2015-05-25,-20.37
2015-05-26,-20.44
2015-05-27,-20.44
2015-05-28,-20.48
2015-05-29,-20.55
2015-05-30,-20.48
2015-05-31,-20.42
2015-06-01,-20.46
2015-06-02,-20.54
2015-06-03,-20.7
2015-06-04,-20.86
2015-06-05,-20.75
2015-06-06,-20.81
2015-06-07,-20.9
2015-06-08,-20.86
2015-06-09,-20.81
2015-06-10,-20.8
2015-06-11,-21.01
2015-06-12,-20.95
2015-06-13,-21.06
2015-06-14,-20.83
2015-06-15,-20.69
2015-06-16,-20.75
2015-06-17,-20.74
2015-06-18,-20.86
2015-06-19,-20.84
2015-06-20,-20.78
2015-06-21,-20.79
2015-06-22,-20.84
2015-06-23,-20.86
2015-06-24,-20.87
2015-06-25,-20.8
2015-06-26,-20.95
2015-06-27,-20.99
2015-06-28,-21.0
2015-06-29,-21.17
2015-06-30,-21.18
2015-07-01,-21.26
2015-07-02,-21.33
2015-07-03,-21.42
2015-07-04,-21.49
2015-07-05,-21.49
2015-07-06,-21.57
2015-07-07,-21.64
2015-07-08,-21.73
2015-07-09,-21.8
2015-07-10,-21.8
2015-07-11,-21.8
2015-07-12,-21.78
2015-07-13,-21.76
2015-07-14,-21.89
2015-07-15,-22.03
2015-07-16,-22.1
2015-07-17,-22.21
2015-07-18,-22.45
2015-07-19,-22.44
2015-07-20,-22.42
2015-07-21,-22.49
2015-07-22,-22.35
2015-07-23,-21.97
2015-07-24,-22.3
2015-07-25,-22.23
2015-07-26,-21.89
2015-07-27,-22.24
2015-07-28,-22.32
2015-07-29,-22.41
2015-07-30,-22.43
2015-07-31,-22.38
2015-08-01,-22.4
2015-08-02,-22.42
2015-08-03,-22.23
2015-08-04,-22.44
2015-08-05,-22.49
2015-08-06,-22.55
2015-08-07,-22.59
2015-08-08,-22.73
2015-08-09,-22.56
2015-08-10,-22.32
2015-08-11,-22.44
2015-08-12,-22.47
2015-08-13,-22.55
2015-08-14,-22.58
2015-08-15,-22.56
2015-08-16,-22.18
2015-08-17,-22.36
2015-08-18,-22.46
2015-08-19,-22.48
2015-08-20,-23.26
2015-08-21,-22.74
2015-08-22,-22.66
2015-08-23,-22.68
2015-08-24,-22.66
2015-08-25,-22.62
2015-08-26,-22.59
2015-08-27,-22.67
2015-08-28,-22.8
2015-08-29,-22.84
2015-08-30,-22.89
2015-08-31,-22.9
2015-09-01,-22.92
2015-09-02,-22.95
2015-09-03,-22.97
2015-09-04,-22.79
2015-09-05,-22.74
2015-09-06,-22.75
2015-09-07,-22.78
2015-09-08,-22.82
2015-09-09,-22.81
2015-09-10,-22.77
2015-09-11,-22.86
2015-09-12,-22.96
2015-09-13,-22.88
2015-09-14,-22.74
2015-09-15,-22.69
2015-09-16,-22.78
2015-09-17,-22.86
2015-09-18,-22.96
2015-09-19,-23.09
2015-09-20,-22.99
2015-09-21,-22.94
2015-09-22,-22.99
2015-09-23,-23.01
2015-09-24,-22.98
2015-09-25,-22.93
2015-09-26,-22.96
2015-09-27,-22.97
2015-09-28,-22.96
2015-09-29,-22.96
2015-09-30,-23.03
2015-10-01,-22.92
2015-10-02,-22.88
2015-10-03,-22.92
2015-10-04,-22.98
2015-10-05,-22.86
2015-10-06,-22.93
2015-10-07,-22.98
2015-10-08,-23.02
2015-10-09,-23.14
2015-10-10,-22.97
2015-10-11,-22.91
2015-10-12,-23.04
2015-10-13,-22.95
2015-10-14,-22.71
2015-10-15,-22.94
2015-10-16,-23.06
2015-10-17,-23.08
2015-10-18,-22.99
2015-10-19,-22.83
2015-10-20,-22.91
2015-10-21,-23.02
2015-10-22,-23.11
2015-10-23,-23.1
2015-10-24,-23.12
2015-10-25,-23.02
2015-10-26,-23.01
2015-10-27,-22.88
2015-10-28,-23.03
2015-10-29,-23.1
2015-10-30,-23.24
2015-10-31,-23.47
2015-11-01,-23.5
2015-11-02,-23.54
2015-11-03,-23.43
2015-11-04,-23.25
2015-11-05,-23.27
2015-11-06,-23.35
2015-11-07,-23.4
2015-11-08,-23.42
2015-11-09,-23.37
2015-11-10,-23.4
2015-11-11,-23.42
2015-11-12,-23.4
2015-11-13,-23.44
2015-11-14,-23.44
2015-11-15,-23.34
2015-11-16,-23.42
2015-11-17,-23.49
2015-11-18,-23.34
2015-11-19,-23.48
2015-11-20,-23.44
2015-11-21,-23.31
2015-11-22,-23.73
2015-11-23,-23.59
2015-11-24,-23.5
2015-11-25,-23.35
2015-11-26,-23.27
2015-11-27,-23.43
2015-11-28,-23.59
2015-11-29,-23.61
2015-11-30,-23.6
2015-12-01,-23.58
2015-12-02,-23.57
2015-12-03,-23.52
2015-12-04,-23.63
2015-12-05,-23.71
2015-12-06,-23.66
2015-12-07,-23.71
2015-12-08,-23.64
2015-12-09,-23.65
2015-12-10,-23.69
2015-12-11,-23.71
2015-12-12,-23.73
2015-12-13,-23.68
2015-12-14,-23.71
2015-12-15,-23.8
2015-12-16,-23.79
2015-12-17,-23.79
2015-12-18,-23.78
2015-12-19,-23.61
2015-12-20,-23.56
2015-12-21,-23.59
2015-12-22,-23.62
2015-12-23,-23.64
2015-12-24,-23.69
2015-12-25,-23.63
2015-12-26,-23.64
2015-12-27,-23.6
2015-12-28,-23.67
2015-12-29,-23.68
2015-12-30,-23.75
2015-12-31,-23.71
2016-01-01,-23.69
2016-01-02,-23.66
2016-01-03,-23.5
2016-01-04,-23.7
2016-01-05,-23.69
2016-01-06,-23.68
2016-01-07,-23.72
2016-01-08,-23.71
2016-01-09,-23.77
2016-01-10,-23.78
2016-01-11,-23.8
2016-01-12,-23.86
2016-01-13,-23.94
2016-01-14,-23.9
2016-01-15,-23.95
2016-01-16,-24.07
2016-01-17,-23.99
2016-01-18,-24.01
2016-01-19,-24.04
2016-01-20,-24.06
2016-01-21,-24.07
2016-01-22,-24.14
2016-01-23,-24.24
2016-01-24,-24.22
2016-01-25,-24.23
2016-01-26,-24.15
2016-01-27,-24.1
2016-01-28,-24.11
2016-01-29,-24.14
2016-01-30,-24.15
2016-01-31,-24.06
2016-02-01,-24.08
2016-02-02,-24.18
2016-02-03,-24.13
2016-02-04,-24.38
2016-02-05,-24.49
2016-02-06,-24.53
2016-02-07,-24.45
2016-02-08,-24.37
2016-02-09,-24.38
2016-02-10,-24.45
2016-02-11,-24.38
2016-02-12,-24.24
2016-02-13,-24.28
2016-02-14,-24.29
2016-02-15,-24.5
2016-02-16,-24.47
2016-02-17,-24.38
2016-02-18,-24.24
2016-02-19,-24.43
2016-02-20,-24.47
2016-02-21,-24.37
2016-02-22,-24.27
2016-02-23,-24.15
2016-02-24,-24.26
2016-02-25,-24.26
2016-02-26,-24.28
2016-02-27,-24.18
2016-02-28,-24.14
2016-02-29,-24.12
2016-03-01,-24.32
2016-03-02,-24.35
2016-03-03,-24.26
2016-03-04,-24.31
2016-03-05,-24.36
2016-03-06,-24.3
2016-03-07,-24.27
2016-03-08,-24.31
2016-03-09,-24.28
2016-03-10,-24.26
2016-03-11,-24.36
2016-03-12,-24.47
2016-03-13,-24.32
2016-03-14,-24.34
2016-03-15,-24.36
2016-03-16,-24.37
2016-03-17,-24.25
2016-03-18,-24.32
2016-03-19,-24.71
2016-03-20,-24.68
2016-03-21,-24.6
2016-03-22,-24.5
2016-03-23,-24.41
2016-03-24,-24.48
2016-03-25,-24.5
2016-03-26,-24.53
2016-03-27,-24.38
2016-03-28,-24.24
2016-03-29,-24.25
2016-03-30,-24.37
2016-03-31,-24.39
2016-04-01,-24.4
2016-04-02,-24.5
2016-04-03,-24.34
2016-04-04,-24.42
2016-04-05,-24.52
2016-04-06,-24.55
2016-04-07,-24.53
2016-04-08,-24.51
2016-04-09,-24.46
2016-04-10,-24.35
2016-04-11,-24.42
2016-04-12,-24.51
2016-04-13,-24.46
2016-04-14,-24.53
2016-04-15,-24.6
2016-04-16,-24.69
2016-04-17,-24.72
2016-04-18,-24.73
2016-04-19,-24.73
2016-04-20,-24.72
2016-04-21,-24.7
2016-04-22,-24.71
2016-04-23,-24.7
2016-04-24,-24.34
2016-04-25,-24.41
2016-04-26,-24.4
2016-04-27,-24.45
2016-04-28,-24.44
2016-04-29,-24.78
2016-04-30,-24.64
2016-05-01,-24.48
2016-05-02,-24.42
2016-05-03,-24.39
2016-05-04,-24.51
2016-05-05,-24.52
2016-05-06,-24.59
2016-05-07,-24.62
2016-05-08,-24.48
2016-05-09,-24.49
2016-05-10,-24.51
2016-05-11,-24.53
2016-05-12,-24.7
2016-05-13,-24.53
2016-05-14,-24.53
2016-05-15,-24.41
2016-05-16,-24.56
2016-05-17,-24.41
2016-05-18,-24.54
2016-05-19,-24.38
2016-05-20,-24.37
2016-05-21,-24.48
2016-05-22,-24.38
2016-05-23,-24.4
2016-05-24,-24.31
2016-05-25,-24.37
2016-05-26,-24.25
2016-05-27,-24.29
2016-05-28,-24.42
2016-05-29,-24.08
2016-05-30,-24.06
2016-05-31,-23.97
2016-06-01,-24.03
2016-06-02,-23.74
2016-06-03,-23.8
2016-06-04,-23.92
2016-06-05,-23.87
2016-06-06,-23.96
2016-06-07,-24.09
2016-06-08,-24.12
2016-06-09,-24.12
2016-06-10,-24.0
2016-06-11,-24.05
2016-06-12,-24.02
2016-06-13,-23.91
2016-06-14,-23.98
2016-06-15,-24.05
2016-06-16,-24.01
2016-06-17,-24.11
2016-06-18,-24.21
2016-06-19,-24.09
2016-06-20,-23.71
2016-06-21,-23.83
2016-06-22,-23.89
2016-06-23,-23.97
2016-06-24,-24.0
2016-06-25,-24.25
2016-06-26,-24.1
2016-06-27,-24.01
2016-06-28,-24.02
2016-06-29,-24.22
2016-06-30,-24.29
2016-07-01,-24.35
2016-07-02,-24.39
2016-07-03,-24.45
2016-07-04,-24.41
2016-07-05,-24.51
2016-07-06,-24.53
2016-07-07,-24.47
2016-07-08,-24.54
2016-07-09,-24.55
2016-07-10,-24.56
2016-07-11,-24.58
2016-07-12,-24.71
2016-07-13,-24.59
2016-07-14,-24.59
2016-07-15,-24.15
2016-07-16,-24.07
2016-07-17,-24.18
2016-07-18,-24.24
2016-07-19,-24.36
2016-07-20,-24.52
2016-07-21,-24.61
2016-07-22,-24.68
2016-07-23,-24.71
2016-07-24,-24.21
2016-07-25,-24.03
2016-07-26,-24.27
2016-07-27,-24.27
2016-07-28,-24.33
2016-07-29,-24.68
2016-07-30,-25.23
2016-07-31,-25.02
2016-08-01,-25.0
2016-08-02,-24.81
2016-08-03,-24.84
2016-08-04,-24.88
2016-08-05,-24.92
2016-08-06,-24.77
2016-08-07,-24.55
2016-08-08,-24.82
2016-08-09,-24.78
2016-08-10,-24.85
2016-08-11,-24.73
2016-08-12,-24.97
2016-08-13,-24.99
2016-08-14,-24.89
2016-08-15,-24.77
2016-08-16,-24.87
2016-08-17,-25.1
2016-08-18,-25.06
2016-08-19,-25.08
2016-08-20,-25.04
2016-08-21,-25.08
2016-08-22,-25.24
2016-08-23,-25.14
2016-08-24,-25.17
2016-08-25,-25.1
2016-08-26,-24.96
2016-08-27,-25.0
2016-08-28,-24.92
2016-08-29,-24.84
2016-08-30,-24.91
2016-08-31,-24.57
2016-09-01,-24.68
2016-09-02,-24.72
2016-09-03,-24.77
2016-09-04,-24.68
2016-09-05,-24.72
2016-09-06,-24.74
2016-09-07,-24.8
2016-09-08,-25.01
2016-09-09,-25.22
2016-09-10,-25.07
2016-09-11,-25.16
2016-09-12,-25.09
2016-09-13,-25.26
2016-09-14,-25.09
2016-09-15,-24.97
2016-09-16,-24.75
2016-09-17,-24.61
2016-09-18,-24.65
2016-09-19,-24.43
2016-09-20,-24.41
2016-09-21,-24.36
2016-09-22,-24.39
2016-09-23,-24.54
2016-09-24,-24.47
2016-09-25,-24.46
2016-09-26,-24.48
2016-09-27,-24.59
2016-09-28,-24.6
2016-09-29,-24.77
2016-09-30,-24.74
2016-10-01,-24.67
2016-10-02,-24.54
2016-10-03,-24.54
2016-10-04,-24.62
2016-10-05,-24.56
2016-10-06,-24.51
2016-10-07,-24.44
2016-10-08,-24.68
2016-10-09,-24.59
2016-10-10,-24.46
2016-10-11,-24.35
2016-10-12,-24.56
2016-10-13,-24.62
2016-10-14,-24.53
2016-10-15,-24.6
2016-10-16,-24.65
2016-10-17,-24.64
2016-10-18,-24.51
2016-10-19,-24.48
2016-10-20,-24.45
2016-10-21,-24.44
2016-10-22,-24.47
2016-10-23,-24.33
2016-10-24,-24.44
2016-10-25,-24.44
2016-10-26,-24.55
2016-10-27,-24.58
2016-10-28,-24.51
2016-10-29,-24.49
2016-10-30,-24.36
2016-10-31,-24.47
2016-11-01,-24.49
2016-11-02,-24.38
2016-11-03,-24.46
2016-11-04,-24.46
2016-11-05,-24.41
2016-11-06,-24.41
2016-11-07,-24.43
2016-11-08,-24.24
2016-11-09,-24.39
2016-11-10,-24.23
2016-11-11,-24.23
2016-11-12,-24.27
2016-11-13,-24.29
2016-11-14,-24.27
2016-11-15,-24.29
2016-11-16,-24.23
2016-11-17,-24.17
2016-11-18,-24.11
2016-11-19,-23.97
2016-11-20,-23.98
2016-11-21,-24.16
2016-11-22,-24.13
2016-11-23,-24.0
2016-11-24,-23.98
2016-11-25,-23.82
2016-11-26,-24.08
2016-11-27,-24.0
2016-11-28,-23.96
2016-11-29,-23.93
2016-11-30,-24.04
2016-12-01,-23.88
2016-12-02,-23.98
2016-12-03,-23.81
2016-12-04,-23.8
2016-12-05,-24.11
2016-12-06,-24.02
2016-12-07,-23.84
2016-12-08,-23.81
2016-12-09,-23.82
2016-12-10,-23.78
2016-12-11,-23.66
2016-12-12,-23.54
2016-12-13,-24.2
2016-12-14,-23.87
2016-12-15,-23.79
2016-12-16,-23.74
2016-12-17,-23.87
2016-12-18,-23.77
2016-12-19,-23.68
2016-12-20,-23.55
2016-12-21,-23.73
2016-12-22,-23.83
2016-12-23,-23.71
2016-12-24,-23.83
2016-12-25,-23.6
2016-12-26,-23.41
2016-12-27,-23.63
2016-12-28,-23.69
2016-12-29,-23.72
2016-12-30,-23.7
2016-12-31,-23.74
2017-01-01,-23.68
2017-01-02,-23.7
2017-01-03,-23.71
2017-01-04,-23.73
2017-01-05,-23.74
2017-01-06,-23.78
2017-01-07,-23.81
2017-01-08,-23.89
2017-01-09,-24.06
2017-01-10,-24.11
2017-01-11,-24.18
2017-01-12,-24.17
2017-01-13,-24.09
2017-01-14,-24.2
2017-01-15,-24.16
2017-01-16,-23.95
2017-01-17,-23.81
2017-01-18,-23.8
2017-01-19,-23.87
2017-01-20,-23.9
2017-01-21,-23.96
2017-01-22,-23.85
2017-01-23,-23.85
2017-01-24,-23.67
2017-01-25,-23.66
2017-01-26,-23.75
2017-01-27,-23.7
2017-01-28,-23.67
2017-01-29,-23.7
2017-01-30,-23.71
2017-01-31,-23.64
2017-02-01,-23.71
2017-02-02,-23.71
2017-02-03,-23.55
2017-02-04,-23.62
2017-02-05,-23.53
2017-02-06,-23.49
2017-02-07,-23.67
2017-02-08,-23.69
2017-02-09,-23.66
2017-02-10,-23.74
2017-02-11,-23.74
2017-02-12,-23.61
2017-02-13,-23.58
2017-02-14,-23.67
2017-02-15,-23.7
2017-02-16,-23.66
2017-02-17,-23.62
2017-02-18,-23.57
2017-02-19,-23.62
2017-02-20,-23.6
2017-02-21,-23.51
2017-02-22,-23.42
2017-02-23,-23.29
2017-02-24,-23.37
2017-02-25,-23.39
2017-02-26,-23.44
2017-02-27,-23.36
2017-02-28,-23.19
2017-03-01,-23.23
2017-03-02,-23.16
2017-03-03,-23.28
2017-03-04,-23.54
2017-03-05,-23.4
2017-03-06,-23.23
2017-03-07,-23.33
2017-03-08,-23.45
2017-03-09,-23.45
2017-03-10,-23.44
2017-03-11,-23.42
2017-03-12,-23.38
2017-03-13,-23.34
2017-03-14,-23.38
2017-03-15,-23.35
2017-03-16,-23.47
2017-03-17,-23.47
2017-03-18,-23.44
2017-03-19,-23.45
2017-03-20,-23.38
2017-03-21,-23.37
2017-03-22,-23.53
2017-03-23,-23.38
2017-03-24,-23.46
2017-03-25,-23.49
2017-03-26,-23.52
2017-03-27,-23.32
2017-03-28,-23.31
2017-03-29,-23.31
2017-03-30,-23.42
2017-03-31,-23.42
2017-04-01,-23.5
2017-04-02,-23.31
2017-04-03,-23.26
2017-04-04,-23.44
2017-04-05,-23.52
2017-04-06,-23.48
2017-04-07,-23.47
2017-04-08,-23.6
2017-04-09,-23.6
2017-04-10,-23.6
2017-04-11,-23.58
2017-04-12,-23.54
2017-04-13,-23.56
2017-04-14,-23.64
2017-04-15,-23.64
2017-04-16,-23.47
2017-04-17,-23.47
2017-04-18,-23.27
2017-04-19,-23.3
2017-04-20,-23.27
2017-04-21,-23.19
2017-04-22,-23.27
2017-04-23,-23.22
2017-04-24,-23.18
2017-04-25,-23.25
2017-04-26,-23.13
2017-04-27,-23.33
2017-04-28,-23.22
2017-04-29,-23.29
2017-04-30,-23.18
2017-05-01,-23.18
2017-05-02,-23.07
2017-05-03,-23.32
2017-05-04,-23.28
2017-05-05,-23.32
2017-05-06,-23.33
2017-05-07,-23.1
2017-05-08,-23.0
2017-05-09,-23.11
2017-05-10,-23.17
2017-05-11,-23.19
2017-05-12,-23.15
2017-05-13,-23.32
2017-05-14,-23.44
2017-05-15,-23.39
2017-05-16,-23.44
2017-05-17,-23.44
2017-05-18,-23.4
2017-05-19,-23.42
2017-05-20,-23.57
2017-05-21,-23.42
2017-05-22,-23.36
2017-05-23,-23.56
2017-05-24,-23.69
2017-05-25,-23.7
2017-05-26,-23.74
2017-05-27,-24.07
2017-05-28,-24.16
2017-05-29,-24.09
2017-05-30,-24.13
2017-05-31,-24.2
2017-06-01,-24.27
2017-06-02,-24.2
2017-06-03,-24.26
2017-06-04,-24.3
2017-06-05,-24.39
2017-06-06,-24.46
2017-06-07,-24.38
2017-06-08,-24.55
2017-06-09,-24.55
2017-06-10,-24.62
2017-06-11,-24.77
2017-06-12,-24.76
2017-06-13,-24.77
2017-06-14,-25.08
2017-06-15,-25.08
2017-06-16,-25.05
2017-06-17,-25.12
2017-06-18,-25.12
2017-06-19,-24.98
2017-06-20,-25.06
2017-06-21,-25.19
2017-06-22,-25.25
2017-06-23,-25.37
2017-06-24,-25.52
2017-06-25,-25.44
2017-06-26,-25.55
2017-06-27,-25.63
2017-06-28,-25.6
2017-06-29,-25.12
2017-06-30,-24.81
2017-07-01,-24.66
2017-07-02,-24.73
2017-07-03,-24.86
2017-07-04,-24.9
2017-07-05,-25.29
2017-07-06,-25.61
2017-07-07,-25.79
2017-07-08,-25.85
2017-07-09,-25.92
2017-07-10,-25.9
2017-07-11,-25.9
2017-07-12,-25.98
2017-07-13,-26.06
2017-07-14,-26.11
2017-07-15,-26.17
2017-07-16,-26.1
2017-07-17,-26.17
2017-07-18,-26.2
2017-07-19,-26.32
2017-07-20,-26.46
2017-07-21,-26.35
2017-07-22,-26.45
2017-07-23,-26.41
2017-07-24,-26.43
2017-07-25,-25.93
2017-07-26,-25.89
2017-07-27,-25.71
2017-07-28,-25.98
2017-07-29,-26.25
2017-07-30,-26.29
2017-07-31,-26.38
2017-08-01,-26.76
2017-08-02,-26.81
2017-08-03,-27.0
2017-08-04,-26.99
2017-08-05,-27.11
2017-08-06,-27.08
2017-08-07,-27.04
2017-08-08,-26.87
2017-08-09,-26.87
2017-08-10,-26.94
2017-08-11,-27.0
2017-08-12,-26.48
2017-08-13,-26.23
2017-08-14,-26.26
2017-08-15,-26.35
2017-08-16,-26.58
2017-08-17,-26.8
2017-08-18,-26.85
2017-08-19,-27.01
2017-08-20,-26.91
2017-08-21,-27.01
2017-08-22,-26.97
2017-08-23,-26.96
2017-08-24,-27.01
2017-08-25,-27.13
2017-08-26,-27.18
2017-08-27,-27.16
2017-08-28,-27.2
2017-08-29,-27.28
2017-08-30,-27.31
2017-08-31,-27.32
2017-09-01,-27.21
2017-09-02,-27.06
2017-09-03,-27.03
2017-09-04,-27.36
2017-09-05,-27.08
2017-09-06,-27.23
2017-09-07,-27.16
2017-09-08,-27.16
2017-09-09,-27.13
2017-09-10,-26.96
2017-09-11,-26.83
2017-09-12,-27.07
2017-09-13,-26.94
2017-09-14,-27.09
2017-09-15,-27.08
2017-09-16,-27.04
2017-09-17,-27.18
2017-09-18,-27.16
2017-09-19,-27.05
2017-09-20,-27.02
2017-09-21,-27.17
2017-09-22,-27.22
2017-09-23,-27.25
2017-09-24,-27.17
2017-09-25,-27.24
2017-09-26,-27.2
2017-09-27,-27.23
2017-09-28,-27.18
2017-09-29,-27.26
2017-09-30,-27.35
2017-10-01,-27.27
2017-10-02,-27.34
2017-10-03,-27.31
2017-10-04,-27.37
2017-10-05,-27.41
2017-10-06,-27.45
2017-10-07,-27.47
2017-10-08,-27.48
2017-10-09,-27.43
2017-10-10,-27.51
2017-10-11,-27.58
2017-10-12,-27.59
2017-10-13,-27.63
2017-10-14,-27.62
2017-10-15,-27.64
2017-10-16,-27.58
2017-10-17,-27.64
2017-10-18,-27.64
2017-10-19,-27.6
2017-10-20,-27.65
2017-10-21,-27.61
2017-10-22,-27.43
2017-10-23,-27.5
2017-10-24,-27.7
2017-10-25,-27.69
2017-10-26,-27.73
2017-10-27,-27.68
2017-10-28,-27.64
2017-10-29,-27.64
2017-10-30,-27.79
2017-10-31,-27.9
2017-11-01,-27.94
2017-11-02,-27.88
2017-11-03,-27.85
2017-11-04,-27.78
2017-11-05,-27.71
2017-11-06,-27.85
2017-11-07,-28.11
2017-11-08,-28.05
2017-11-09,-27.99
2017-11-10,-27.84
2017-11-11,-27.92
2017-11-12,-27.92
2017-11-13,-27.9
2017-11-14,-27.77
2017-11-15,-27.91
2017-11-16,-27.94
2017-11-17,-28.04
2017-11-18,-27.99
2017-11-19,-28.07
2017-11-20,-28.12
2017-11-21,-27.94
2017-11-22,-27.9
2017-11-23,-27.95
2017-11-24,-27.96
2017-11-25,-27.94
2017-11-26,-27.87
2017-11-27,-27.97
2017-11-28,-27.98
2017-11-29,-27.94
2017-11-30,-27.95
2017-12-01,-28.01
2017-12-02,-28.08
2017-12-03,-28.03
2017-12-04,-28.14
2017-12-05,-28.32
2017-12-06,-28.16
2017-12-07,-28.11
2017-12-08,-27.95
2017-12-09,-27.96
2017-12-10,-27.99
2017-12-11,-28.02
2017-12-12,-28.04
2017-12-13,-28.09
2017-12-14,-28.12
2017-12-15,-28.04
2017-12-16,-28.09
2017-12-17,-28.04
2017-12-18,-28.1
2017-12-19,-28.09
2017-12-20,-28.01
2017-12-21,-27.93
2017-12-22,-27.87
2017-12-23,-27.84
2017-12-24,-27.66
2017-12-25,-27.39
2017-12-26,-27.0
2017-12-27,-27.24
2017-12-28,-27.6
2017-12-29,-27.51
2017-12-30,-27.42
2017-12-31,-27.64
2018-01-01,-27.3
2018-01-02,-27.42
2018-01-03,-27.39
2018-01-04,-27.22
2018-01-05,-27.7
2018-01-06,-27.69
2018-01-07,-27.63
2018-01-08,-27.84
2018-01-09,-27.62
2018-01-10,-27.85
2018-01-11,-27.75
2018-01-12,-27.9
2018-01-13,-27.76
2018-01-14,-27.57
2018-01-15,-27.83
2018-01-16,-27.66
2018-01-17,-27.54
2018-01-18,-27.61
2018-01-19,-27.67
2018-01-20,-27.73
2018-01-21,-27.6
2018-01-22,-27.76
2018-01-23,-27.7
2018-01-24,-27.82
2018-01-25,-27.82
2018-01-26,-27.69
2018-01-27,-27.73
2018-01-28,-27.62
2018-01-29,-27.44
2018-01-30,-27.54
2018-01-31,-27.49
2018-02-01,-27.32
2018-02-02,-27.21
2018-02-03,-27.52
2018-02-04,-27.52
2018-02-05,-27.62
2018-02-06,-27.55
2018-02-07,-27.68
2018-02-08,-27.57
2018-02-09,-27.43
2018-02-10,-27.45
2018-02-11,-27.41
2018-02-12,-27.27
2018-02-13,-27.42
2018-02-14,-27.31
2018-02-15,-27.32
2018-02-16,-27.34
2018-02-17,-27.37
2018-02-18,-27.24
2018-02-19,-27.47
2018-02-20,-27.28
2018-02-21,-27.36
2018-02-22,-27.29
2018-02-23,-27.48
2018-02-24,-27.2
2018-02-25,-26.93
2018-02-26,-26.87
2018-02-27,-27.23
2018-02-28,-27.51
2018-03-01,-27.48
2018-03-02,-27.46
2018-03-03,-27.52
2018-03-04,-27.14
2018-03-05,-26.73
2018-03-06,-26.75
2018-03-07,-27.02
2018-03-08,-27.02
2018-03-09,-26.98
2018-03-10,-26.82
2018-03-11,-26.69
2018-03-12,-26.51
2018-03-13,-26.79
2018-03-14,-26.89
2018-03-15,-26.65
2018-03-16,-26.65
2018-03-17,-26.83
2018-03-18,-26.42
2018-03-19,-26.41
2018-03-20,-26.39
2018-03-21,-26.53
2018-03-22,-26.34
2018-03-23,-26.27
2018-03-24,-26.39
2018-03-25,-26.27
2018-03-26,-26.24
2018-03-27,-25.98
2018-03-28,-25.86
2018-03-29,-25.99
2018-03-30,-25.89
2018-03-31,-25.92
2018-04-01,-25.71
2018-04-02,-25.53
2018-04-03,-25.65
2018-04-04,-25.57
2018-04-05,-25.61
2018-04-06,-25.64
2018-04-07,-25.71
2018-04-08,-25.65
2018-04-09,-25.34
2018-04-10,-25.26
2018-04-11,-25.08
2018-04-12,-25.02
2018-04-13,-25.04
2018-04-14,-25.14
2018-04-15,-24.95
2018-04-16,-24.82
2018-04-17,-25.23
2018-04-18,-24.99
2018-04-19,-24.99
2018-04-20,-24.98
2018-04-21,-24.94
2018-04-22,-24.98
2018-04-23,-25.03
2018-04-24,-25.05
2018-04-25,-24.8
2018-04-26,-24.88
2018-04-27,-24.78
2018-04-28,-24.81
2018-04-29,-24.67
2018-04-30,-24.7
2018-05-01,-24.34
2018-05-02,-24.38
2018-05-03,-24.31
2018-05-04,-24.46
2018-05-05,-24.44
2018-05-06,-24.3
2018-05-07,-24.31
2018-05-08,-24.28
2018-05-09,-24.13
2018-05-10,-24.64
2018-05-11,-24.59
2018-05-12,-24.44
2018-05-13,-24.18
2018-05-14,-24.13
2018-05-15,-23.83
2018-05-16,-24.0
2018-05-17,-23.93
2018-05-18,-23.95
2018-05-19,-24.17
2018-05-20,-24.0
2018-05-21,-24.11
2018-05-22,-24.02
2018-05-23,-23.8
2018-05-24,-23.73
2018-05-25,-23.8
2018-05-26,-23.79
2018-05-27,-23.75
2018-05-28,-23.77
2018-05-29,-23.74
2018-05-30,-23.82
2018-05-31,-23.73
2018-06-01,-23.88
2018-06-02,-23.92
2018-06-03,-23.92
2018-06-04,-23.93
2018-06-05,-23.94
2018-06-06,-24.05
2018-06-07,-24.08
2018-06-08,-23.85
2018-06-09,-23.75
2018-06-10,-23.68
2018-06-11,-23.86
2018-06-12,-23.96
2018-06-13,-23.75
2018-06-14,-23.58
2018-06-15,-23.61
2018-06-16,-23.64
2018-06-17,-23.65
2018-06-18,-23.86
2018-06-19,-23.88
2018-06-20,-23.92
2018-06-21,-23.99
2018-06-22,-24.07
2018-06-23,-23.86
2018-06-24,-23.77
2018-06-25,-23.78
2018-06-26,-23.79
2018-06-27,-23.96
2018-06-28,-24.06
2018-06-29,-24.03
2018-06-30,-24.05
2018-07-01,-24.26
2018-07-02,-24.32
2018-07-03,-24.5
2018-07-04,-24.64
2018-07-05,-24.72
2018-07-06,-24.85
2018-07-07,-24.7
2018-07-08,-24.48
2018-07-09,-24.69
2018-07-10,-24.76
2018-07-11,-24.76
2018-07-12,-24.78
2018-07-13,-24.91
2018-07-14,-24.88
2018-07-15,-24.87
2018-07-16,-24.96
2018-07-17,-25.0
2018-07-18,-24.86
2018-07-19,-24.97
2018-07-20,-24.99
2018-07-21,-25.06
2018-07-22,-25.1
2018-07-23,-25.14
2018-07-24,-25.12
2018-07-25,-25.2
2018-07-26,-25.32
2018-07-27,-25.27
2018-07-28,-25.31
2018-07-29,-25.3
2018-07-30,-25.43
2018-07-31,-25.49
2018-08-01,-25.56
2018-08-02,-25.69
2018-08-03,-25.95
2018-08-04,-25.91
2018-08-05,-25.59
2018-08-06,-25.55
2018-08-07,-25.55
2018-08-08,-25.64
2018-08-09,-25.44
2018-08-10,-25.54
2018-08-11,-25.68
2018-08-12,-25.46
2018-08-13,-25.39
2018-08-14,-25.1
2018-08-15,-24.76
2018-08-16,-25.08
2018-08-17,-25.31
2018-08-18,-25.41
2018-08-19,-25.2
2018-08-20,-25.42
2018-08-21,-25.48
2018-08-22,-25.5
2018-08-23,-25.42
2018-08-24,-25.38
2018-08-25,-25.43
2018-08-26,-25.38
2018-08-27,-25.2
2018-08-28,-25.21
2018-08-29,-25.34
2018-08-30,-25.43
2018-08-31,-25.47
2018-09-01,-25.31
2018-09-02,-25.26
2018-09-03,-25.39
2018-09-04,-25.53
2018-09-05,-25.56
2018-09-06,-25.54
2018-09-07,-25.51
2018-09-08,-25.53
2018-09-09,-25.53
2018-09-10,-25.57
2018-09-11,-25.61
2018-09-12,-25.81
2018-09-13,-25.67
2018-09-14,-25.65
2018-09-15,-25.93
2018-09-16,-25.78
2018-09-17,-25.74
2018-09-18,-25.78
2018-09-19,-25.9
2018-09-20,-25.65
2018-09-21,-25.7
2018-09-22,-25.92
2018-09-23,-25.8
2018-09-24,-25.68
2018-09-25,-25.78
2018-09-26,-25.78
2018-09-27,-25.82
2018-09-28,-25.98
2018-09-29,-26.06
2018-09-30,-26.09
2018-10-01,-25.95
2018-10-02,-26.03
2018-10-03,-26.13
2018-10-04,-26.2
2018-10-05,-26.18
2018-10-06,-26.19
2018-10-07,-26.19
2018-10-08,-26.23
2018-10-09,-26.21
2018-10-10,-26.25
2018-10-11,-26.1
2018-10-12,-26.11
2018-10-13,-26.28
2018-10-14,-26.24
2018-10-15,-26.24
2018-10-16,-26.13
2018-10-17,-26.08
2018-10-18,-26.05
2018-10-19,-26.0
2018-10-20,-26.1
2018-10-21,-26.05
2018-10-22,-26.07
2018-10-23,-25.97
2018-10-24,-25.96
2018-10-25,-26.06
2018-10-26,-25.99
2018-10-27,-25.87
2018-10-28,-25.8
2018-10-29,-25.82
2018-10-30,-25.87
2018-10-31,-25.88
2018-11-01,-25.71
2018-11-02,-25.69
2018-11-03,-25.78
2018-11-04,-25.82
2018-11-05,-25.78
2018-11-06,-25.89
2018-11-07,-25.85
2018-11-08,-25.91
2018-11-09,-25.91
2018-11-10,-26.03
2018-11-11,-25.9
2018-11-12,-25.97
2018-11-13,-26.03
2018-11-14,-26.16
2018-11-15,-26.2
2018-11-16,-26.28
2018-11-17,-26.31
2018-11-18,-26.27
2018-11-19,-26.17
2018-11-20,-26.27
2018-11-21,-26.36
2018-11-22,-26.33
2018-11-23,-26.32
2018-11-24,-26.25
2018-11-25,-26.26
2018-11-26,-26.29
2018-11-27,-26.41
2018-11-28,-26.66
2018-11-29,-26.52
2018-11-30,-26.51
2018-12-01,-26.37
2018-12-02,-26.41
2018-12-03,-26.34
2018-12-04,-26.59
2018-12-05,-26.8
2018-12-06,-26.8
2018-12-07,-26.57
2018-12-08,-26.39
2018-12-09,-26.37
2018-12-10,-26.46
2018-12-11,-26.46
2018-12-12,-26.53
2018-12-13,-26.46
2018-12-14,-26.54
2018-12-15,-26.53
2018-12-16,-26.56
2018-12-17,-26.48
2018-12-18,-26.83
2018-12-19,-26.64
2018-12-20,-26.57
2018-12-21,-26.7
2018-12-22,-26.63
2018-12-23,-26.56
2018-12-24,-26.73
2018-12-25,-26.57
2018-12-26,-26.54
2018-12-27,-26.66
2018-12-28,-26.68
2018-12-29,-26.67
2018-12-30,-26.84
2018-12-31,-26.89
2019-01-01,-26.66
2019-01-02,-26.58
2019-01-03,-26.86
2019-01-04,-26.83
2019-01-05,-26.91
2019-01-06,-26.73
2019-01-07,-26.85
2019-01-08,-26.78
2019-01-09,-26.71
2019-01-10,-26.74
2019-01-11,-26.87
2019-01-12,-26.94
2019-01-13,-26.89
2019-01-14,-26.8
2019-01-15,-26.78
2019-01-16,-27.14
2019-01-17,-26.86
2019-01-18,-26.89
2019-01-19,-26.96
2019-01-20,-26.8
2019-01-21,-26.88
2019-01-22,-26.78
2019-01-23,-26.74
2019-01-24,-26.83
2019-01-25,-26.83
2019-01-26,-26.87
2019-01-27,-26.84
2019-01-28,-26.69
2019-01-29,-26.81
2019-01-30,-26.75
2019-01-31,-26.8
2019-02-01,-26.75
2019-02-02,-26.74
2019-02-03,-26.79
2019-02-04,-27.03
2019-02-05,-26.88
2019-02-06,-26.79
2019-02-07,-26.55
2019-02-08,-26.52
2019-02-09,-26.56
2019-02-10,-26.46
2019-02-11,-26.49
2019-02-12,-26.48
2019-02-13,-26.5
2019-02-14,-26.52
2019-02-15,-26.45
2019-02-16,-26.56
2019-02-17,-26.42
2019-02-18,-26.41
2019-02-19,-26.33
2019-02-20,-26.37
2019-02-21,-26.49
2019-02-22,-26.47
2019-02-23,-26.4
2019-02-24,-26.36
2019-02-25,-26.28
2019-02-26,-26.27
2019-02-27,-26.21
2019-02-28,-26.23
2019-03-01,-26.13
2019-03-02,-26.21
2019-03-03,-26.18
2019-03-04,-26.13
2019-03-05,-26.12
2019-03-06,-26.21
2019-03-07,-26.11
2019-03-08,-26.19
2019-03-09,-26.24
2019-03-10,-26.18
2019-03-11,-26.06
2019-03-12,-26.15
2019-03-13,-26.13
2019-03-14,-26.32
2019-03-15,-26.11
2019-03-16,-26.1
2019-03-17,-25.94
2019-03-18,-25.942500000000003
2019-03-19,-25.945
2019-03-20,-25.9475
2019-03-21,-25.950000000000003
2019-03-22,-25.9525
2019-03-23,-25.955000000000002
2019-03-24,-25.9575
2019-03-25,-25.96
2019-03-26,-25.85
2019-03-27,-25.89
2019-03-28,-26.1
2019-03-29,-25.96
2019-03-30,-25.96
2019-03-31,-25.85
2019-04-01,-25.89
2019-04-02,-25.76
2019-04-03,-25.85
2019-04-04,-25.52
2019-04-05,-25.68
2019-04-06,-25.74
2019-04-07,-25.65
2019-04-08,-25.74
2019-04-09,-25.72
2019-04-10,-25.65
2019-04-11,-25.76
2019-04-12,-25.7
2019-04-13,-25.85
2019-04-14,-25.65
2019-04-15,-25.56
2019-04-16,-25.62
2019-04-17,-25.69
2019-04-18,-25.87
2019-04-19,-25.84
2019-04-20,-25.85
2019-04-21,-25.62
2019-04-22,-25.36
2019-04-23,-25.61
2019-04-24,-25.52
2019-04-25,-25.67
2019-04-26,-25.68
2019-04-27,-25.71
2019-04-28,-25.6
2019-04-29,-25.62
2019-04-30,-25.61
2019-05-01,-25.48
2019-05-02,-25.65
2019-05-03,-25.61
2019-05-04,-25.57
2019-05-05,-25.5
2019-05-06,-25.46
2019-05-07,-25.6
2019-05-08,-25.67
2019-05-09,-26.03
2019-05-10,-26.14
2019-05-11,-26.27
2019-05-12,-26.02
2019-05-13,-26.06
2019-05-14,-25.97
2019-05-15,-25.97
2019-05-16,-25.78
2019-05-17,-25.78
2019-05-18,-25.38
2019-05-19,-25.02
2019-05-20,-25.35
2019-05-21,-25.48
2019-05-22,-25.39
2019-05-23,-25.6
2019-05-24,-25.42
2019-05-25,-25.47
2019-05-26,-25.15
2019-05-27,-25.29
2019-05-28,-25.35
2019-05-29,-25.29
2019-05-30,-25.37
2019-05-31,-25.36
2019-06-01,-25.45
2019-06-02,-25.28
2019-06-03,-25.35
2019-06-04,-25.52
2019-06-05,-25.39
2019-06-06,-25.56
2019-06-07,-25.49
2019-06-08,-25.55
2019-06-09,-25.59
2019-06-10,-25.58
2019-06-11,-25.55
2019-06-12,-25.65
2019-06-13,-25.76
2019-06-14,-25.7
2019-06-15,-25.68
2019-06-16,-25.59
2019-06-17,-25.62
2019-06-18,-25.52
2019-06-19,-25.62
2019-06-20,-25.65
2019-06-21,-25.71
2019-06-22,-25.67
2019-06-23,-25.51
2019-06-24,-25.7
2019-06-25,-25.73
2019-06-26,-25.77
2019-06-27,-25.75
2019-06-28,-25.89
2019-06-29,-26.07
2019-06-30,-26.03
2019-07-01,-26.12
2019-07-02,-26.08
2019-07-03,-26.47
2019-07-04,-26.7
2019-07-05,-26.71
2019-07-06,-26.74
2019-07-07,-26.63
2019-07-08,-26.62
2019-07-09,-26.58
2019-07-10,-26.42
2019-07-11,-26.38
2019-07-12,-26.56
2019-07-13,-26.13
2019-07-14,-25.98
2019-07-15,-25.94
2019-07-16,-25.87
2019-07-17,-26.16
2019-07-18,-26.52
2019-07-19,-26.42
2019-07-20,-26.41
2019-07-21,-26.39
2019-07-22,-26.47
2019-07-23,-26.59
2019-07-24,-26.64
2019-07-25,-26.91
2019-07-26,-26.92
2019-07-27,-26.89
2019-07-28,-26.13
2019-07-29,-26.19
2019-07-30,-26.05
2019-07-31,-26.14
2019-08-01,-26.68
2019-08-02,-26.48
2019-08-03,-26.32
2019-08-04,-26.34
2019-08-05,-26.4
2019-08-06,-26.89
2019-08-07,-26.87
2019-08-08,-26.88
2019-08-09,-26.9
2019-08-10,-26.99
2019-08-11,-26.94
2019-08-12,-27.02
2019-08-13,-27.14
2019-08-14,-27.09
2019-08-15,-26.56
2019-08-16,-26.6
2019-08-17,-26.59
2019-08-18,-26.61
2019-08-19,-26.67
2019-08-20,-27.01
2019-08-21,-27.16
2019-08-22,-27.11
2019-08-23,-26.59
2019-08-24,-26.47
2019-08-25,-26.49
2019-08-26,-26.49
2019-08-27,-26.59
2019-08-28,-26.59
2019-08-29,-26.51
2019-08-30,-26.54
2019-08-31,-26.61
2019-09-01,-26.37
2019-09-02,-26.58
2019-09-03,-26.66
2019-09-04,-26.57
2019-09-05,-26.57
2019-09-06,-26.61
2019-09-07,-26.61
2019-09-08,-26.59
2019-09-09,-26.94
2019-09-10,-27.04
2019-09-11,-26.97
2019-09-12,-26.97
2019-09-13,-27.18
2019-09-14,-27.23
2019-09-15,-26.98
2019-09-16,-27.16
2019-09-17,-27.11
2019-09-18,-27.15
2019-09-19,-27.25
2019-09-20,-27.3
2019-09-21,-27.29
2019-09-22,-27.07
2019-09-23,-27.11
2019-09-24,-27.16
2019-09-25,-27.21
2019-09-26,-27.22
2019-09-27,-27.17
2019-09-28,-27.22
2019-09-29,-27.14
2019-09-30,-27.18
2019-10-01,-27.15
2019-10-02,-27.21
2019-10-03,-27.18
2019-10-04,-27.26
2019-10-05,-27.26
2019-10-06,-27.18
2019-10-07,-27.17
2019-10-08,-27.36
2019-10-09,-27.39
2019-10-10,-27.36
2019-10-11,-27.44
2019-10-12,-27.46
2019-10-13,-27.39
2019-10-14,-27.38
2019-10-15,-27.36
2019-10-16,-27.3
2019-10-17,-27.42
2019-10-18,-27.51
2019-10-19,-27.46
2019-10-20,-27.46
2019-10-21,-27.43
2019-10-22,-27.5
2019-10-23,-27.42
2019-10-24,-27.43
2019-10-25,-27.37
2019-10-26,-27.48
2019-10-27,-27.24
2019-10-28,-27.21
2019-10-29,-27.16
2019-10-30,-27.24
2019-10-31,-27.25
2019-11-01,-27.24
2019-11-02,-27.22
2019-11-03,-27.19
2019-11-04,-27.18
2019-11-05,-27.16
2019-11-06,-27.02
2019-11-07,-27.13
2019-11-08,-26.92
2019-11-09,-27.02
2019-11-10,-27.0
2019-11-11,-27.02
2019-11-12,-26.91
2019-11-13,-26.91
2019-11-14,-26.93
2019-11-15,-26.72
2019-11-16,-26.83
2019-11-17,-26.69
2019-11-18,-26.91
2019-11-19,-26.88
2019-11-20,-26.69
2019-11-21,-26.82
2019-11-22,-26.96
2019-11-23,-26.86
2019-11-24,-26.76
2019-11-25,-26.74
2019-11-26,-26.8
2019-11-27,-26.86
2019-11-28,-26.85
2019-11-29,-26.79
2019-11-30,-26.88
2019-12-01,-26.84
2019-12-02,-26.74
2019-12-03,-26.71
2019-12-04,-26.74
2019-12-05,-26.61
2019-12-06,-26.64
2019-12-07,-26.54
2019-12-08,-26.45
2019-12-09,-26.46
2019-12-10,-26.45
2019-12-11,-26.47
2019-12-12,-26.34
2019-12-13,-26.25
2019-12-14,-26.44
2019-12-15,-26.44
2019-12-16,-26.43
2019-12-17,-26.48
2019-12-18,-26.32
2019-12-19,-26.12
2019-12-20,-26.17
2019-12-21,-26.26
2019-12-22,-26.32
2019-12-23,-26.25
2019-12-24,-26.27
2019-12-25,-25.82
2019-12-26,-25.85
2019-12-27,-26.14
2019-12-28,-26.17
2019-12-29,-25.98
2019-12-30,-26.2
2019-12-31,-26.23
2020-01-01,-25.99
2020-01-02,-25.96
2020-01-03,-26.02
2020-01-04,-25.97
2020-01-05,-25.96
2020-01-06,-25.75
2020-01-07,-25.89
2020-01-08,-25.91
2020-01-09,-26.17
2020-01-10,-26.11
2020-01-11,-26.04
2020-01-12,-26.0
2020-01-13,-26.0
2020-01-14,-25.95
2020-01-15,-26.03
2020-01-16,-25.81
2020-01-17,-25.84
2020-01-18,-25.86
2020-01-19,-25.75
2020-01-20,-25.94
2020-01-21,-25.83
2020-01-22,-25.91
2020-01-23,-25.74
2020-01-24,-25.68
2020-01-25,-25.62
2020-01-26,-25.96
2020-01-27,-25.72
2020-01-28,-25.62
2020-01-29,-25.59
2020-01-30,-25.97
2020-01-31,-25.75
2020-02-01,-25.63
2020-02-02,-25.66
2020-02-03,-25.54
2020-02-04,-25.74
2020-02-05,-25.7
2020-02-06,-25.59
2020-02-07,-25.67
2020-02-08,-25.64
2020-02-09,-25.59
2020-02-10,-25.42
2020-02-11,-25.43
2020-02-12,-25.56
2020-02-13,-25.52
2020-02-14,-25.52
2020-02-15,-25.63
2020-02-16,-25.56
2020-02-17,-25.42
2020-02-18,-25.32
2020-02-19,-25.38
2020-02-20,-25.45
2020-02-21,-25.5
2020-02-22,-25.53
2020-02-23,-25.41
2020-02-24,-25.42
2020-02-25,-25.42
2020-02-26,-25.41
2020-02-27,-25.45
2020-02-28,-25.52
2020-02-29,-25.54
2020-03-01,-25.32
2020-03-02,-25.38
2020-03-03,-25.29
2020-03-04,-25.37
2020-03-05,-25.39
2020-03-06,-25.27
2020-03-07,-25.42
2020-03-08,-25.41
2020-03-09,-25.38
2020-03-10,-25.4
2020-03-11,-25.39
2020-03-12,-25.15
2020-03-13,-25.07
2020-03-14,-25.28
2020-03-15,-25.27
2020-03-16,-25.26
2020-03-17,-25.25
2020-03-18,-25.14
2020-03-19,-25.03
2020-03-20,-25.29
2020-03-21,-25.17
2020-03-22,-25.06
2020-03-23,-25.09
2020-03-24,-24.81
2020-03-25,-24.64
2020-03-26,-24.62
2020-03-27,-24.81
2020-03-28,-24.81
2020-03-29,-24.872
2020-03-30,-24.934
2020-03-31,-24.996
2020-04-01,-25.058
2020-04-02,-25.12
2020-04-03,-25.04
2020-04-04,-25.14
2020-04-05,-25.15
2020-04-06,-25.24
2020-04-07,-25.17
2020-04-08,-25.14
2020-04-09,-25.24
2020-04-10,-25.32
2020-04-11,-25.39
2020-04-12,-25.35
2020-04-13,-25.24
2020-04-14,-24.99
2020-04-15,-25.31
2020-04-16,-25.24
2020-04-17,-25.32
2020-04-18,-25.35
2020-04-19,-25.35
2020-04-20,-25.06
2020-04-21,-24.81
2020-04-22,-24.77
2020-04-23,-24.97
2020-04-24,-25.09
2020-04-25,-25.1
2020-04-26,-25.11
2020-04-27,-25.14
2020-04-28,-25.01
2020-04-29,-24.96
2020-04-30,-25.03
2020-05-01,-24.99
2020-05-02,-25.0
2020-05-03,-25.05
2020-05-04,-25.11
2020-05-05,-25.08
2020-05-06,-24.97
2020-05-07,-25.06
2020-05-08,-25.02
2020-05-09,-25.14
2020-05-10,-25.02
2020-05-11,-24.97
2020-05-12,-24.93
2020-05-13,-24.95
2020-05-14,-25.06
2020-05-15,-25.05
2020-05-16,-25.02
2020-05-17,-24.9
2020-05-18,-24.99
2020-05-19,-24.93
2020-05-20,-24.77
2020-05-21,-25.04
2020-05-22,-24.82
2020-05-23,-25.1
2020-05-24,-25.12
2020-05-25,-25.18
2020-05-26,-25.25
2020-05-27,-25.28
2020-05-28,-25.26
2020-05-29,-24.77
2020-05-30,-24.87
2020-05-31,-24.9
2020-06-01,-25.01
2020-06-02,-24.98
2020-06-03,-25.05
2020-06-04,-24.92
2020-06-05,-24.91
2020-06-06,-25.01
2020-06-07,-24.83
2020-06-08,-24.93
2020-06-09,-25.12
2020-06-10,-24.94
2020-06-11,-25.28
2020-06-12,-25.22
2020-06-13,-25.2
2020-06-14,-24.99
2020-06-15,-25.13
2020-06-16,-25.33
2020-06-17,-25.04
2020-06-18,-24.99
2020-06-19,-25.19
2020-06-20,-25.41
2020-06-21,-25.36
2020-06-22,-25.34
2020-06-23,-25.42
2020-06-24,-25.67
2020-06-25,-25.75
2020-06-26,-25.68
2020-06-27,-25.8
2020-06-28,-25.8
2020-06-29,-25.78
2020-06-30,-25.91
